,I_ALD004,I_ALD002,I_SFA066,I_SLF009,I_SILVR,I_SFA076,I_ALOHA,I_PYR001,I_WBR001
10/31/1921,0.05,0.01,0.39,0.26,0.25,0.23,0.11,0.18,0.2
11/30/1921,0.19,0.03,0.96,0.64,0.63,0.56,0.21,0.35,0.86
12/31/1921,0.89,0.16,2.7,1.81,1.41,1.58,0.45,0.72,3.68
1/31/1922,0.88,0.16,2.01,1.35,0.82,1.18,0.22,0.35,4.35
2/28/1922,2.87,0.51,5.75,3.85,2.18,3.37,0.56,0.9,15.75
3/31/1922,2.65,0.47,4.91,3.29,2.2,2.88,0.42,0.68,14.77
4/30/1922,4.75,0.85,8.59,5.75,4.87,5.03,0.66,1.06,21.77
5/31/1922,12.39,2.22,46.7,31.26,0,27.36,3.3,5.3,14.36
6/30/1922,5.43,0.97,49.61,33.21,0,29.07,5.46,8.77,1.99
7/31/1922,0.32,0.06,6.94,4.65,0,4.07,1.68,2.7,0.21
8/31/1922,0.05,0.01,0.86,0.58,0,0.5,0.18,0.29,0.12
9/30/1922,0.02,0,0,0,42.89,0,0.07,0.12,0.06
10/31/1922,0.08,0.01,0.08,0.05,0.17,0.05,0.04,0.08,0.26
11/30/1922,0.11,0.02,0.7,0.47,0.11,0.41,0.12,0.25,1.34
12/31/1922,2.5,0.45,2.44,1.63,0,1.43,0.28,0.57,14.55
1/31/1923,1.9,0.34,2.49,1.67,1.28,1.46,0.26,0.54,12.19
2/28/1923,1.04,0.19,2.28,1.53,1.64,1.34,0.21,0.43,7.54
3/31/1923,2.8,0.5,6.31,4.22,2.72,3.7,0.43,0.89,9.76
4/30/1923,7.4,1.32,16.22,10.86,2.46,9.5,0.95,1.95,12.55
5/31/1923,4.94,0.88,33.49,22.42,13.1,19.62,2.61,5.34,2.97
6/30/1923,1.29,0.23,17.21,11.52,6.84,10.08,2.03,4.15,0.48
7/31/1923,0.24,0.04,6.12,4.1,1.67,3.59,1.18,2.41,0.15
8/31/1923,0.05,0.01,0.98,0.66,0,0.57,0.23,0.48,0.06
9/30/1923,0.04,0.01,0.97,0.65,0.13,0.57,0.19,0.39,0.15
10/31/1923,0.05,0.01,0.86,0.58,0.16,0.5,0.32,0.6,0
11/30/1923,0.05,0.01,0.94,0.63,0.01,0.55,0.16,0.3,0
12/31/1923,0.06,0.01,1.14,0.76,0,0.67,0.13,0.25,0
1/31/1924,0.17,0.03,0.99,0.66,0,0.58,0.1,0.19,0
2/29/1924,0.83,0.15,2.11,1.41,0,1.24,0.21,0.39,0
3/31/1924,0.27,0.05,2.18,1.46,0.51,1.28,0.24,0.45,0
4/30/1924,0.74,0.13,7.27,4.87,2.17,4.26,1.04,1.95,0
5/31/1924,0.26,0.05,8.27,5.54,3.97,4.85,1.96,3.7,0
6/30/1924,0.03,0,0.88,0.59,0.11,0.52,0.42,0.79,0
7/31/1924,0.01,0,0.16,0.11,0,0.09,0.11,0.2,0
8/31/1924,0.01,0,0.05,0.03,0,0.03,0.08,0.15,0
9/30/1924,0.01,0,0,0,0,0,0.02,0.04,0
10/31/1924,0.04,0.01,0.44,0.29,0.74,0.26,0.13,0.27,0.18
11/30/1924,0.37,0.07,1.92,1.29,0.68,1.12,0.26,0.54,1.31
12/31/1924,0.69,0.12,2.11,1.41,0.84,1.24,0.23,0.48,2.36
1/31/1925,0.83,0.15,2.57,1.72,0.28,1.51,0.2,0.42,3.17
2/28/1925,4.5,0.81,8.2,5.49,1.66,4.8,0.53,1.11,25.09
3/31/1925,4.19,0.75,10.38,6.95,2.91,6.08,0.57,1.18,13.32
4/30/1925,8.18,1.46,24.01,16.07,4.49,14.07,1.37,2.85,12.4
5/31/1925,5.13,0.92,37.98,25.43,12.59,22.25,2.77,5.75,2.42
6/30/1925,1.17,0.21,22.17,14.84,8.6,12.99,2.5,5.21,0.45
7/31/1925,0.22,0.04,6.8,4.55,1.21,3.98,1.12,2.34,0.13
8/31/1925,0.05,0.01,1.31,0.88,0,0.77,0.27,0.56,0.09
9/30/1925,0.02,0,0.79,0.53,0,0.46,0.14,0.28,0.06
10/31/1925,0.04,0.01,0.82,0.55,0,0.48,0.15,0.31,0.24
11/30/1925,0.08,0.01,1.07,0.72,0.19,0.63,0.18,0.36,0.53
12/31/1925,0.12,0.02,1.76,1.18,0.46,1.03,0.21,0.42,1.15
1/31/1926,0.28,0.05,1.28,0.86,0.15,0.75,0.13,0.25,1.15
2/28/1926,1.08,0.19,2.2,1.47,0.17,1.29,0.19,0.38,7.29
3/31/1926,2.49,0.45,7.27,4.87,2.78,4.26,0.58,1.14,5.6
4/30/1926,4.94,0.88,17.45,11.68,6.91,10.22,1.7,3.37,3.96
5/31/1926,1,0.18,14.14,9.47,5.42,8.28,1.96,3.87,0.37
6/30/1926,0.16,0.03,3.72,2.49,0.69,2.18,0.87,1.72,0.08
7/31/1926,0.03,0.01,0.69,0.46,0.02,0.4,0.2,0.39,0.05
8/31/1926,0.01,0,0.28,0.19,0,0.16,0.09,0.18,0
9/30/1926,0.01,0,0.43,0.29,0.28,0.25,0.11,0.22,0.01
10/31/1926,0.02,0,0.4,0.27,0.24,0.23,0.09,0.2,0.19
11/30/1926,0.95,0.17,3.66,2.45,0.23,2.14,0.4,0.84,4.79
12/31/1926,1.3,0.23,3.31,2.22,2.17,1.94,0.34,0.72,5.61
1/31/1927,1.51,0.27,5.12,3.43,1.49,3,0.36,0.76,9.2
2/28/1927,4.87,0.87,8.77,5.87,1.46,5.14,0.48,1,36.51
3/31/1927,6.17,1.1,12.21,8.17,1.92,7.15,0.61,1.29,18.6
4/30/1927,8.62,1.54,22.63,15.15,4.7,13.26,1.24,2.6,10.64
5/31/1927,5.98,1.07,36.74,24.6,11.84,21.53,2.55,5.34,2.76
6/30/1927,1.51,0.27,32.07,21.47,12.03,18.79,3.2,6.69,0.78
7/31/1927,0.21,0.04,7.71,5.16,2.31,4.52,1.36,2.85,0.18
8/31/1927,0.06,0.01,1.29,0.86,0,0.76,0.22,0.46,0.12
9/30/1927,0.02,0,0.59,0.39,0,0.35,0.08,0.16,0.1
10/31/1927,0.07,0.01,1.02,0.68,0.2,0.6,0.16,0.33,0.22
11/30/1927,0.61,0.11,3.81,2.55,1.89,2.23,0.48,0.98,2.74
12/31/1927,0.32,0.06,1.8,1.21,0.55,1.05,0.15,0.31,3.5
1/31/1928,0.34,0.06,2.49,1.67,0.71,1.46,0.18,0.37,3.83
2/29/1928,0.59,0.1,2.36,1.58,0.3,1.38,0.16,0.34,5.95
3/31/1928,10.43,1.87,19.19,12.85,5.61,11.24,1.2,2.45,33.6
4/30/1928,5.7,1.02,19.96,13.36,5.98,11.69,1.48,3.03,3.84
5/31/1928,1.9,0.34,27.65,18.51,10.89,16.2,2.89,5.9,0.98
6/30/1928,0.27,0.05,6.67,4.47,1.55,3.91,1.13,2.3,0.16
7/31/1928,0.1,0.02,1.66,1.11,0.04,0.97,0.37,0.76,0.11
8/31/1928,0.03,0.01,0.39,0.26,0,0.23,0.06,0.13,0.04
9/30/1928,0.01,0,0.19,0.13,0,0.11,0.03,0.06,0.02
10/31/1928,0.01,0,0.34,0.23,0,0.2,0.09,0.18,0.09
11/30/1928,0.05,0.01,0.57,0.38,0,0.33,0.1,0.2,0.35
12/31/1928,0.14,0.02,0.49,0.33,0.01,0.29,0.1,0.19,0.6
1/31/1929,0.12,0.02,0.58,0.39,0.23,0.34,0.08,0.16,0.77
2/28/1929,0.38,0.07,0.88,0.59,0.22,0.52,0.11,0.22,2.09
3/31/1929,1.26,0.22,2.94,1.97,0.27,1.72,0.27,0.53,3.23
4/30/1929,2.53,0.45,6.78,4.54,2.08,3.97,0.59,1.16,4.01
5/31/1929,2.79,0.5,18.85,12.62,7.31,11.04,2.1,4.11,1.72
6/30/1929,0.91,0.16,8.83,5.91,2.83,5.17,1.51,2.95,0.2
7/31/1929,0.17,0.03,1.02,0.68,0,0.6,0.32,0.62,0.05
8/31/1929,0.03,0,1.11,0.74,2.9,0.65,0.56,1.1,0.01
9/30/1929,0.01,0,0.19,0.13,0,0.11,0.05,0.1,0.01
10/31/1929,0.01,0,0.23,0.15,0.13,0.13,0.05,0.1,0.12
11/30/1929,0.01,0,0.23,0.15,0.09,0.13,0.05,0.09,0.2
12/31/1929,0.68,0.12,2.41,1.61,1.14,1.41,0.36,0.73,3.99
1/31/1930,0.76,0.14,1.58,1.06,0.55,0.93,0.18,0.36,4.69
2/28/1930,1.63,0.29,3.2,2.14,0.88,1.87,0.26,0.51,5
3/31/1930,3.48,0.62,6.89,4.61,1.88,4.04,0.48,0.97,9.91
4/30/1930,5.91,1.06,17.14,11.47,6.09,10.04,1.3,2.61,3.45
5/31/1930,2.97,0.53,17.89,11.98,7.04,10.48,1.69,3.39,0.83
6/30/1930,0.54,0.1,13.65,9.14,5.05,8,1.95,3.92,0.2
7/31/1930,0.1,0.02,2.47,1.65,0,1.45,0.5,1.01,0.04
8/31/1930,0.02,0,1.94,1.3,0,1.14,0.39,0.78,0.02
9/30/1930,0.02,0,0.7,0.47,0,0.41,0.15,0.29,0.06
10/31/1930,0.03,0,0.46,0.31,0.1,0.27,0.14,0.26,0
11/30/1930,0.09,0.02,0.57,0.38,0,0.33,0.14,0.26,0
12/31/1930,0.05,0.01,0.52,0.35,0,0.3,0.09,0.18,0
1/31/1931,0.21,0.04,0.67,0.45,0.07,0.39,0.11,0.21,0
2/28/1931,0.49,0.09,1.1,0.74,0.2,0.64,0.13,0.26,0
3/31/1931,1.06,0.19,2.98,2,1.11,1.75,0.33,0.64,0
4/30/1931,0.87,0.16,8.48,5.68,4.95,4.97,1.18,2.24,0
5/31/1931,0.44,0.08,7.98,5.34,3.95,4.68,1.57,2.99,0
6/30/1931,0.17,0.03,2.63,1.76,0.26,1.54,0.62,1.18,0
7/31/1931,0.03,0,1.12,0.75,0,0.66,0.34,0.65,0
8/31/1931,0.01,0,0.81,0.54,0,0.47,0.29,0.55,0
9/30/1931,0.01,0,0.19,0.13,0,0.11,0.08,0.14,0
10/31/1931,0.01,0,0.27,0.18,0,0.16,0.05,0.11,0.21
11/30/1931,0.06,0.01,0.51,0.34,0.07,0.3,0.1,0.2,0.67
12/31/1931,0.28,0.05,0.81,0.54,0,0.47,0.12,0.25,4.94
1/31/1932,0.41,0.07,1.15,0.77,0.06,0.67,0.13,0.27,5.78
2/29/1932,1.78,0.32,3.03,2.03,1.36,1.78,0.31,0.64,14.01
3/31/1932,4.36,0.78,7.69,5.15,1.42,4.51,0.52,1.07,12.27
4/30/1932,6.37,1.14,15.67,10.49,4.77,9.18,0.92,1.89,12.13
5/31/1932,7.5,1.34,33.01,22.1,11.15,19.34,2.38,4.92,5.84
6/30/1932,1.6,0.29,29.53,19.77,12.73,17.3,3.06,6.32,1.07
7/31/1932,0.18,0.03,6.53,4.37,1.54,3.83,1.19,2.46,0.16
8/31/1932,0.04,0.01,1.28,0.86,0,0.75,0.27,0.56,0.09
9/30/1932,0.01,0,1.27,0.85,0,0.74,0.2,0.42,0.08
10/31/1932,0.01,0,0.31,0.21,0,0.18,0.06,0.11,0.09
11/30/1932,0.02,0,0.26,0.17,0.07,0.15,0.06,0.12,0.21
12/31/1932,0.02,0,0.37,0.25,0.02,0.22,0.06,0.12,0.34
1/31/1933,0.08,0.01,0.47,0.31,0,0.28,0.11,0.21,0.82
2/28/1933,0.13,0.02,0.62,0.42,0,0.36,0.09,0.18,1
3/31/1933,0.7,0.13,1.7,1.14,0.02,1,0.17,0.35,3.4
4/30/1933,2.62,0.47,7.75,5.19,3.14,4.54,0.67,1.32,5.99
5/31/1933,4.39,0.78,15.82,10.59,6.3,9.27,1.43,2.83,4.23
6/30/1933,2.17,0.39,20.81,13.93,9.02,12.19,2.89,5.73,0.65
7/31/1933,0.16,0.03,2.58,1.73,0,1.51,0.69,1.36,0.04
8/31/1933,0.01,0,0.39,0.26,0,0.23,0.12,0.23,0.02
9/30/1933,0.01,0,0.41,0.27,0,0.24,0.08,0.16,0.04
10/31/1933,0.05,0.01,0.53,0.35,0.17,0.31,0.17,0.33,0.21
11/30/1933,0.04,0.01,0.82,0.55,0.28,0.48,0.15,0.29,0.41
12/31/1933,0.71,0.13,1.59,1.06,0.18,0.93,0.22,0.43,1.95
1/31/1934,1.27,0.23,2.29,1.53,0.59,1.34,0.24,0.46,3.45
2/28/1934,1.53,0.27,2.92,1.95,0.97,1.71,0.27,0.53,3.59
3/31/1934,2.32,0.42,9.25,6.19,3.5,5.42,0.95,1.85,2.22
4/30/1934,1.22,0.22,9.41,6.3,4.83,5.51,1.28,2.48,0.41
5/31/1934,0.42,0.07,6.58,4.41,2.2,3.86,1.18,2.28,0.1
6/30/1934,0.23,0.04,3.3,2.21,0.55,1.93,0.78,1.51,0.04
7/31/1934,0.02,0,0.59,0.39,0,0.35,0.21,0.41,0.01
8/31/1934,0.01,0,0.15,0.1,0,0.09,0.04,0.07,0.01
9/30/1934,0.01,0,0.23,0.15,0,0.13,0.06,0.11,0.03
10/31/1934,0.01,0,0.34,0.23,0,0.2,0.07,0.13,0.14
11/30/1934,0.11,0.02,1.67,1.12,0.66,0.98,0.25,0.52,1.31
12/31/1934,0.26,0.05,1.23,0.82,0.58,0.72,0.17,0.35,1.31
1/31/1935,0.46,0.08,1.63,1.09,0.66,0.96,0.17,0.34,5.5
2/28/1935,1.07,0.19,2.76,1.85,0.78,1.62,0.22,0.46,5.81
3/31/1935,1.19,0.21,3.55,2.38,1.11,2.08,0.26,0.54,9.43
4/30/1935,9.85,1.76,19.4,12.99,5.31,11.37,1.2,2.46,27.36
5/31/1935,7.7,1.38,32.11,21.5,11.15,18.81,2.51,5.15,4.98
6/30/1935,1.7,0.3,20.16,13.5,9.3,11.81,2.65,5.43,0.75
7/31/1935,0.22,0.04,3.65,2.44,0.19,2.14,0.74,1.52,0.12
8/31/1935,0.02,0,1.4,0.94,0,0.82,0.29,0.58,0.07
9/30/1935,0.01,0,0,0,0,0,0,0,0.11
10/31/1935,0.02,0,0.55,0.37,0,0.32,0.08,0.18,0.3
11/30/1935,0.04,0.01,0.81,0.54,0,0.47,0.1,0.22,0.71
12/31/1935,0.05,0.01,0.61,0.41,0.08,0.36,0.08,0.17,0.91
1/31/1936,2.1,0.38,3.19,2.14,0.53,1.87,0.35,0.72,14.94
2/29/1936,4.15,0.74,5.25,3.51,0.89,3.08,0.4,0.83,35.95
3/31/1936,5.85,1.05,11.89,7.96,2.34,6.97,0.67,1.4,16.4
4/30/1936,8.33,1.49,28.08,18.8,7.96,16.45,1.64,3.41,8.91
5/31/1936,5.07,0.91,39.57,26.49,13.53,23.18,2.88,5.99,2.53
6/30/1936,2.41,0.43,24.15,16.17,9.16,14.15,2.83,5.89,0.64
7/31/1936,0.38,0.07,5.43,3.64,0.51,3.18,1,2.08,0.17
8/31/1936,0.03,0.01,1,0.67,0,0.59,0.19,0.39,0.09
9/30/1936,0.01,0,0.56,0.37,0,0.33,0.08,0.16,0.15
10/31/1936,0.02,0,0.27,0.18,0,0.16,0.04,0.08,0.13
11/30/1936,0.02,0,0.37,0.25,0,0.22,0.05,0.11,0.24
12/31/1936,0.05,0.01,0.72,0.48,0,0.42,0.12,0.23,0.53
1/31/1937,0.08,0.01,0.63,0.42,0.01,0.37,0.1,0.21,1.03
2/28/1937,1.87,0.33,3.34,2.24,0.41,1.96,0.34,0.69,12.06
3/31/1937,3.18,0.57,5.13,3.43,1.25,3.01,0.38,0.78,15.89
4/30/1937,6.56,1.17,14.67,9.82,3.66,8.6,0.9,1.84,14.21
5/31/1937,7.71,1.38,38.29,25.63,14.65,22.43,3.18,6.47,4.4
6/30/1937,1.17,0.21,14.7,9.84,7.37,8.61,2.24,4.57,0.37
7/31/1937,0.15,0.03,2.87,1.92,0.07,1.68,0.66,1.34,0.08
8/31/1937,0.02,0,0.54,0.36,0,0.32,0.1,0.21,0.05
9/30/1937,0.01,0,0.45,0.3,0.02,0.26,0.07,0.15,0.11
10/31/1937,0.03,0,0.49,0.33,0,0.29,0.08,0.17,0.31
11/30/1937,0.15,0.03,1.14,0.76,0.44,0.67,0.16,0.34,1.29
12/31/1937,3.2,0.57,13.09,8.76,4.56,7.67,1.19,2.52,16.09
1/31/1938,1.1,0.2,3.18,2.13,3.02,1.86,0.25,0.52,5.38
2/28/1938,1.37,0.24,3.15,2.11,0.89,1.85,0.19,0.4,27.53
3/31/1938,6.44,1.15,8.04,5.38,1.27,4.71,0.37,0.79,38.99
4/30/1938,10.29,1.84,24.08,16.12,5.12,14.11,1.21,2.56,17.01
5/31/1938,14.48,2.59,58.47,39.14,13.4,34.26,3.53,7.47,7
6/30/1938,4.22,0.76,40.48,27.1,14.7,23.72,3.9,8.25,1.43
7/31/1938,0.41,0.07,7.07,4.73,2.71,4.14,1.37,2.9,0.26
8/31/1938,0.07,0.01,1.62,1.08,0,0.95,0.3,0.62,0.15
9/30/1938,0.03,0,0.68,0.46,0,0.4,0.09,0.19,0.23
10/31/1938,0.08,0.01,1.04,0.7,0.18,0.61,0.22,0.44,0.27
11/30/1938,0.13,0.02,1.48,0.99,0.25,0.87,0.21,0.42,0.52
12/31/1938,0.15,0.03,1.41,0.94,0,0.83,0.15,0.29,0.69
1/31/1939,0.26,0.05,1.34,0.9,0.04,0.79,0.13,0.26,0.84
2/28/1939,0.28,0.05,1.65,1.1,0.12,0.97,0.14,0.28,1.36
3/31/1939,1.8,0.32,6.06,4.06,2.32,3.55,0.52,1.02,4.02
4/30/1939,3.13,0.56,15.77,10.56,6.82,9.24,1.69,3.31,2.01
5/31/1939,0.7,0.13,11.3,7.56,4.09,6.62,1.69,3.31,0.24
6/30/1939,0.17,0.03,3.63,2.43,0.56,2.13,0.83,1.63,0.04
7/31/1939,0.02,0,0.91,0.61,0,0.53,0.24,0.48,0.01
8/31/1939,0.01,0,0.21,0.14,0,0.12,0.06,0.11,0.01
9/30/1939,0.01,0,0.51,0.34,0,0.3,0.15,0.29,0.03
10/31/1939,0.05,0.01,1.3,0.87,0.47,0.76,0.22,0.46,0.39
11/30/1939,0.06,0.01,0.47,0.31,0,0.28,0.06,0.11,0.5
12/31/1939,0.21,0.04,1.04,0.7,0.01,0.61,0.11,0.23,0.75
1/31/1940,4.88,0.87,7.52,5.03,2.01,4.41,0.65,1.35,17.63
2/29/1940,6.03,1.08,7.96,5.33,1.42,4.66,0.47,0.98,28.25
3/31/1940,9.56,1.71,18.79,12.58,2.55,11.01,0.98,2.03,27.15
4/30/1940,7.36,1.32,24.77,16.58,6.64,14.51,1.54,3.2,5.01
5/31/1940,2.52,0.45,38.13,25.53,14.46,22.34,3.32,6.9,1.62
6/30/1940,0.31,0.06,13.89,9.3,5.85,8.14,2.04,4.24,0.35
7/31/1940,0.04,0.01,2.4,1.61,0,1.41,0.45,0.94,0.11
8/31/1940,0.01,0,0.54,0.36,0,0.32,0.13,0.27,0.07
9/30/1940,0.01,0,0.57,0.38,0,0.33,0.08,0.17,0.15
10/31/1940,0.03,0,0.32,0.21,0,0.19,0.05,0.11,0.21
11/30/1940,0.06,0.01,1.01,0.68,0.07,0.59,0.14,0.29,1
12/31/1940,1.51,0.27,2.34,1.57,0.91,1.37,0.32,0.66,8.29
1/31/1941,1.75,0.31,3.1,2.08,0.09,1.82,0.25,0.51,15.16
2/28/1941,4,0.72,5,3.35,1.29,2.93,0.35,0.72,20.95
3/31/1941,5.18,0.93,8.96,6,1.49,5.25,0.5,1.04,17.1
4/30/1941,5.26,0.94,13.07,8.75,2.52,7.66,0.72,1.48,7.44
5/31/1941,7.55,1.35,41.62,27.86,15.42,24.39,3.12,6.45,2.99
6/30/1941,1.16,0.21,20.74,13.88,10.04,12.15,2.46,5.09,0.49
7/31/1941,0.21,0.04,5.13,3.43,1.72,3.01,1.14,2.35,0.14
8/31/1941,0.03,0.01,1.15,0.77,0,0.67,0.26,0.55,0.09
9/30/1941,0.02,0,0.66,0.44,0,0.39,0.11,0.22,0.17
10/31/1941,0.03,0.01,0.63,0.42,0,0.37,0.08,0.17,0.28
11/30/1941,0.14,0.02,1.89,1.27,0.42,1.11,0.25,0.53,1.15
12/31/1941,1.15,0.21,6.55,4.39,3.17,3.84,0.71,1.48,11.41
1/31/1942,5.28,0.95,8.59,5.75,1.98,5.03,0.53,1.11,27.59
2/28/1942,3.79,0.68,6.33,4.24,0.93,3.71,0.31,0.65,25.72
3/31/1942,3.51,0.63,7.73,5.17,1.35,4.53,0.38,0.8,13.74
4/30/1942,9.39,1.68,22.89,15.32,4.26,13.41,1.22,2.57,11.5
5/31/1942,9.16,1.64,34.83,23.32,9.21,20.41,2.25,4.71,4.07
6/30/1942,3.53,0.63,37.74,25.27,15.26,22.11,3.51,7.37,1.5
7/31/1942,0.39,0.07,9.36,6.27,3.64,5.48,1.67,3.51,0.28
8/31/1942,0.03,0.01,1.39,0.93,0,0.81,0.31,0.64,0.15
9/30/1942,0.01,0,0.78,0.52,0,0.46,0.11,0.23,0.19
10/31/1942,0.03,0.01,0.48,0.32,0,0.28,0.07,0.14,0.25
11/30/1942,1.55,0.28,3.88,2.6,1.02,2.27,0.48,1,4.02
12/31/1942,3.2,0.57,6.68,4.47,1.21,3.91,0.51,1.07,10.89
1/31/1943,7.58,1.36,10.81,7.24,1.34,6.33,0.61,1.28,32.78
2/28/1943,4.49,0.8,8.35,5.59,1.29,4.89,0.41,0.86,17.49
3/31/1943,10.7,1.91,18.66,12.49,1.57,10.93,0.94,1.96,25.31
4/30/1943,6.42,1.15,28.29,18.94,8.8,16.58,1.82,3.81,3.04
5/31/1943,2.73,0.49,31.97,21.4,12.4,18.73,2.65,5.54,1.53
6/30/1943,0.68,0.12,17.68,11.84,6.04,10.36,2.06,4.31,0.48
7/31/1943,0.17,0.03,5.58,3.74,1.14,3.27,1.06,2.22,0.17
8/31/1943,0.04,0.01,1.12,0.75,0,0.66,0.23,0.47,0.12
9/30/1943,0.03,0,0.69,0.46,0,0.4,0.1,0.21,0.19
10/31/1943,0.02,0,0.53,0.35,0.13,0.31,0.1,0.21,0.14
11/30/1943,0.05,0.01,0.57,0.38,0,0.33,0.08,0.16,0.27
12/31/1943,0.09,0.02,0.69,0.46,0.59,0.4,0.13,0.27,0.57
1/31/1944,0.16,0.03,1.01,0.68,0.9,0.59,0.17,0.34,2.71
2/29/1944,0.32,0.06,1.28,0.86,0.57,0.75,0.16,0.31,13.13
3/31/1944,1.45,0.26,3.55,2.38,1.04,2.08,0.29,0.58,13.28
4/30/1944,3.24,0.58,8.08,5.41,1.47,4.73,0.56,1.12,2.55
5/31/1944,5.72,1.02,26.93,18.03,11.48,15.78,2.53,5.05,0.68
6/30/1944,1.02,0.18,12.48,8.35,4.81,7.31,1.85,3.69,0.2
7/31/1944,0.15,0.03,3.14,2.1,0.08,1.84,0.77,1.54,0.03
8/31/1944,0.03,0,0.65,0.44,0,0.38,0.17,0.34,0.03
9/30/1944,0.01,0,0.42,0.28,0,0.25,0.08,0.15,0.03
10/31/1944,0.04,0.01,0.56,0.37,0.14,0.33,0.1,0.21,0.1
11/30/1944,1.27,0.23,3.23,2.16,1.16,1.89,0.43,0.89,3.5
12/31/1944,1.8,0.32,3.56,2.38,1.4,2.09,0.32,0.67,2.53
1/31/1945,1.15,0.21,2.92,1.95,1.63,1.71,0.22,0.45,1.57
2/28/1945,7.79,1.39,11.41,7.64,2.17,6.69,0.66,1.36,23.64
3/31/1945,2.62,0.47,5.88,3.94,1.22,3.45,0.33,0.68,12.08
4/30/1945,6.55,1.17,18.05,12.08,5.56,10.58,1.11,2.31,4.65
5/31/1945,6.5,1.16,34.26,22.94,11.19,20.07,2.55,5.28,1.08
6/30/1945,2.58,0.46,23.31,15.61,9.41,13.66,2.69,5.57,0.36
7/31/1945,0.36,0.07,4.95,3.31,1.18,2.9,1.01,2.1,0.04
8/31/1945,0.08,0.01,1.08,0.72,0,0.63,0.21,0.43,0.01
9/30/1945,0.03,0.01,0.63,0.42,0,0.37,0.09,0.18,0.03
10/31/1945,0.27,0.05,1.54,1.03,0.9,0.9,0.29,0.59,0.77
11/30/1945,1.01,0.18,3.5,2.34,1.8,2.05,0.43,0.89,2.8
12/31/1945,4.58,0.82,7.17,4.8,1.78,4.2,0.53,1.09,24.19
1/31/1946,3.29,0.59,6.98,4.67,1.24,4.09,0.39,0.82,7.43
2/28/1946,1.33,0.24,4.35,2.91,0.55,2.55,0.23,0.48,4.44
3/31/1946,4.07,0.73,10,6.69,1.51,5.86,0.52,1.08,10.89
4/30/1946,6.41,1.15,23.55,15.77,6.76,13.8,1.55,3.21,5.71
5/31/1946,4.16,0.74,35.77,23.95,12.42,20.96,3.03,6.28,0.96
6/30/1946,0.7,0.13,14.87,9.95,4.55,8.71,1.94,4.03,0.31
7/31/1946,0.17,0.03,3.31,2.22,0,1.94,0.64,1.33,0.12
8/31/1946,0.05,0.01,0.74,0.5,0,0.43,0.13,0.27,0.06
9/30/1946,0.03,0.01,0.67,0.45,0,0.39,0.1,0.2,0.03
10/31/1946,0.06,0.01,0.97,0.65,0.24,0.57,0.2,0.39,0.24
11/30/1946,1.15,0.2,2.17,1.45,0.3,1.27,0.29,0.57,1.76
12/31/1946,1.09,0.19,2.49,1.67,0.3,1.46,0.23,0.45,2.07
1/31/1947,0.48,0.09,1.83,1.23,0.16,1.07,0.15,0.29,0.97
2/28/1947,2.17,0.39,3.86,2.58,0.73,2.26,0.28,0.55,5.39
3/31/1947,3.95,0.71,6.9,4.62,1.78,4.04,0.5,1,9
4/30/1947,3.16,0.57,12.18,8.15,5.49,7.14,1.12,2.22,5.15
5/31/1947,0.97,0.17,19.56,13.09,7.56,11.46,2.42,4.82,0.34
6/30/1947,0.26,0.05,5.29,3.54,1.25,3.1,1.07,2.14,0.15
7/31/1947,0.06,0.01,1.13,0.76,0,0.66,0.29,0.58,0
8/31/1947,0.02,0,0.5,0.33,0,0.29,0.12,0.24,0
9/30/1947,0.02,0,0.26,0.17,0,0.15,0.05,0.1,0
10/31/1947,0.17,0.03,1.8,1.21,0.66,1.05,0.29,0.6,0.53
11/30/1947,0.21,0.04,1.6,1.07,0,0.94,0.19,0.38,0.87
12/31/1947,0.04,0.01,1.01,0.68,0.56,0.59,0.1,0.21,0.55
1/31/1948,0.94,0.17,3.33,2.23,1.3,1.95,0.29,0.6,1.33
2/29/1948,0.33,0.06,1.8,1.21,0.83,1.05,0.14,0.28,1.8
3/31/1948,0.78,0.14,2.33,1.56,0.47,1.37,0.16,0.34,9.68
4/30/1948,6.66,1.19,12.36,8.27,2.8,7.24,0.73,1.5,14.43
5/31/1948,9.21,1.65,30.7,20.55,8.64,17.99,2.2,4.51,3.89
6/30/1948,3.59,0.64,29.7,19.88,11.11,17.4,3.12,6.4,0.84
7/31/1948,0.38,0.07,5.73,3.84,0.76,3.36,1.13,2.31,0.06
8/31/1948,0.08,0.01,0.95,0.64,0,0.56,0.19,0.39,0.02
9/30/1948,0.03,0,0.47,0.31,0,0.28,0.07,0.15,0.14
10/31/1948,0.03,0.01,0.42,0.28,0,0.25,0.09,0.19,0.18
11/30/1948,0.11,0.02,1.14,0.76,0.81,0.67,0.2,0.4,0.4
12/31/1948,0.14,0.02,1.02,0.68,0.59,0.6,0.16,0.33,1.59
1/31/1949,0.17,0.03,0.7,0.47,0.67,0.41,0.09,0.18,2.55
2/28/1949,0.17,0.03,0.96,0.64,0.45,0.56,0.12,0.23,8.55
3/31/1949,0.74,0.13,1.94,1.3,0.61,1.14,0.17,0.33,30.2
4/30/1949,7.3,1.31,19.35,12.95,5.47,11.34,1.4,2.82,3.15
5/31/1949,6.71,1.2,28.6,19.15,11.1,16.76,2.8,5.64,0.82
6/30/1949,1.09,0.2,9.76,6.53,4.54,5.72,1.71,3.45,0.11
7/31/1949,0.18,0.03,1.63,1.09,0,0.96,0.38,0.77,0.02
8/31/1949,0.07,0.01,0.54,0.36,0,0.32,0.14,0.28,0.02
9/30/1949,0.03,0.01,0.31,0.21,0.05,0.18,0.06,0.12,0.01
10/31/1949,0.05,0.01,0.3,0.2,0,0.18,0.05,0.09,0.03
11/30/1949,0.1,0.02,0.77,0.52,0.16,0.45,0.11,0.24,0.41
12/31/1949,0.06,0.01,0.55,0.37,0.08,0.32,0.07,0.15,0.63
1/31/1950,1.63,0.29,3.32,2.22,0.34,1.95,0.36,0.76,10.59
2/28/1950,3.77,0.67,4.87,3.26,0.37,2.85,0.35,0.73,13.67
3/31/1950,5.15,0.92,8.11,5.43,1.27,4.75,0.49,1.01,6.41
4/30/1950,10.69,1.91,24.04,16.09,5.26,14.08,1.37,2.84,5.88
5/31/1950,7.81,1.4,38.86,26.02,14.23,22.77,2.82,5.86,1.33
6/30/1950,1.82,0.33,25.64,17.17,8.42,15.02,2.86,5.93,0.27
7/31/1950,0.27,0.05,5.82,3.9,0.3,3.41,1.04,2.15,0.07
8/31/1950,0.07,0.01,1.05,0.7,0,0.62,0.2,0.42,0
9/30/1950,0.04,0.01,0.68,0.46,0.02,0.4,0.1,0.21,0
10/31/1950,0.25,0.05,1.21,0.81,0.28,0.71,0.2,0.41,0.47
11/30/1950,8.81,1.58,29.31,19.62,9.22,17.17,2.12,4.48,27.96
12/31/1950,11.89,2.13,37.48,25.09,6.17,21.96,1.97,4.15,31.24
1/31/1951,3.44,0.62,11.52,7.71,1.25,6.75,0.66,1.39,28.72
2/28/1951,5.02,0.9,11.42,7.65,1.17,6.69,0.66,1.39,12.55
3/31/1951,3.48,0.62,10.12,6.78,0.93,5.93,0.58,1.23,17.48
4/30/1951,4.81,0.86,19.6,13.12,5.89,11.48,1.33,2.81,3.43
5/31/1951,4.53,0.81,24.43,16.36,8.18,14.31,2.41,5.09,4.05
6/30/1951,0.65,0.12,10.79,7.22,3.25,6.32,1.65,3.49,0.44
7/31/1951,0.19,0.03,2.37,1.59,0,1.39,0.47,1,0.08
8/31/1951,0.05,0.01,0.81,0.54,0,0.47,0.12,0.26,0
9/30/1951,0.03,0,0.57,0.38,0,0.33,0.09,0.18,0.06
10/31/1951,0.11,0.02,1.08,0.72,0.08,0.63,0.13,0.28,0.48
11/30/1951,0.24,0.04,1.8,1.21,0.55,1.05,0.23,0.48,2.07
12/31/1951,1.68,0.3,3.21,2.15,0.88,1.88,0.35,0.75,17.99
1/31/1952,1.17,0.21,2.7,1.81,0.18,1.58,0.21,0.45,47.7
2/29/1952,2.9,0.52,5.24,3.51,0.12,3.07,0.33,0.71,22.59
3/31/1952,2.68,0.48,7.17,4.8,0.54,4.2,0.38,0.81,29.07
4/30/1952,14.27,2.55,29.22,19.56,5.37,17.12,1.41,2.99,4.85
5/31/1952,18.52,3.31,67.53,45.21,16.12,39.57,3.91,8.31,1.89
6/30/1952,6.07,1.09,44.36,29.7,14.28,25.99,3.69,7.83,0.63
7/31/1952,0.78,0.14,14.33,9.59,5.81,8.4,2.12,4.49,0.28
8/31/1952,0.16,0.03,2.73,1.83,0,1.6,0.51,1.08,0.02
9/30/1952,0.08,0.01,1.01,0.68,0,0.59,0.15,0.31,0.09
10/31/1952,0.07,0.01,0.57,0.38,0.08,0.33,0.08,0.17,0.08
11/30/1952,0.12,0.02,0.92,0.62,0.04,0.54,0.12,0.25,0.43
12/31/1952,0.24,0.04,1.16,0.78,0,0.68,0.14,0.29,3.03
1/31/1953,2.14,0.38,4.94,3.31,0.49,2.89,0.45,0.93,17.24
2/28/1953,1.49,0.27,3.87,2.59,0.45,2.27,0.25,0.51,1.83
3/31/1953,2.51,0.45,6,4.02,0.72,3.52,0.35,0.73,4.3
4/30/1953,7.66,1.37,18.53,12.41,5.51,10.86,1.14,2.35,5.49
5/31/1953,6.42,1.15,23.49,15.73,6.53,13.76,1.64,3.38,2.76
6/30/1953,3.67,0.66,30.44,20.38,10.73,17.83,2.9,5.99,1.3
7/31/1953,0.45,0.08,10.13,6.78,2.29,5.94,1.61,3.32,0.15
8/31/1953,0.1,0.02,1.54,1.03,0,0.9,0.34,0.7,0.1
9/30/1953,0.05,0.01,0.78,0.52,0,0.46,0.13,0.27,0.07
10/31/1953,0.05,0.01,0.62,0.42,0,0.36,0.11,0.22,0.19
11/30/1953,0.1,0.02,1.04,0.7,0.17,0.61,0.16,0.32,0.72
12/31/1953,0.13,0.02,1.12,0.75,0,0.66,0.15,0.31,1.04
1/31/1954,0.5,0.09,1.52,1.02,0.9,0.89,0.18,0.37,4.46
2/28/1954,1.63,0.29,2.72,1.82,0.4,1.59,0.22,0.44,10.02
3/31/1954,4.65,0.83,8.64,5.78,3.95,5.06,0.66,1.32,14.82
4/30/1954,7.59,1.36,19.67,13.17,7.44,11.52,1.55,3.12,7.04
5/31/1954,2.98,0.53,23.91,16.01,9.65,14.01,2.64,5.31,1.42
6/30/1954,0.43,0.08,6.49,4.34,2.12,3.8,1.18,2.38,0.36
7/31/1954,0.12,0.02,1.47,0.98,0,0.86,0.39,0.78,0.05
8/31/1954,0.04,0.01,0.45,0.3,0,0.26,0.11,0.21,0.01
9/30/1954,0.02,0,0.39,0.26,0.11,0.23,0.09,0.18,0.02
10/31/1954,0.04,0.01,0.27,0.18,0,0.16,0.07,0.15,0.11
11/30/1954,0.11,0.02,0.61,0.41,0.24,0.36,0.11,0.22,0.59
12/31/1954,0.82,0.15,1.46,0.98,0.33,0.86,0.22,0.45,7.26
1/31/1955,0.53,0.1,1.5,1,0.42,0.88,0.17,0.34,10.78
2/28/1955,1.06,0.19,2.23,1.49,0.49,1.31,0.19,0.39,5.16
3/31/1955,2.13,0.38,3.96,2.65,0.81,2.32,0.29,0.58,3.46
4/30/1955,3.44,0.62,8.88,5.94,2.33,5.2,0.62,1.23,5.32
5/31/1955,4.96,0.89,24.09,16.13,10.32,14.11,2.24,4.48,2.96
6/30/1955,1.05,0.19,14.53,9.73,6.17,8.51,2.25,4.5,0.28
7/31/1955,0.16,0.03,2.5,1.67,0,1.46,0.59,1.19,0.09
8/31/1955,0.03,0.01,0.52,0.35,0,0.3,0.14,0.28,0
9/30/1955,0.02,0,0.53,0.35,0.02,0.31,0.1,0.19,0.02
10/31/1955,0.05,0.01,0.58,0.39,0,0.34,0.08,0.18,0.05
11/30/1955,0.08,0.01,0.81,0.54,0.01,0.47,0.09,0.2,0.56
12/31/1955,15.64,2.8,23.45,15.7,2.89,13.74,1.67,3.54,46.44
1/31/1956,9.82,1.76,17.29,11.58,2.87,10.13,0.83,1.75,38.64
2/29/1956,2.88,0.52,8.29,5.55,2.04,4.86,0.4,0.85,11.44
3/31/1956,3.6,0.64,11.77,7.88,1.61,6.9,0.59,1.25,5.82
4/30/1956,5.45,0.97,22.14,14.82,4.67,12.97,1.2,2.54,3.17
5/31/1956,8.75,1.56,46.45,31.1,14.76,27.21,2.99,6.36,5.23
6/30/1956,1.44,0.26,34.44,23.06,13.96,20.18,3.48,7.38,0.55
7/31/1956,0.24,0.04,8.35,5.59,2.31,4.89,1.47,3.12,0.15
8/31/1956,0.07,0.01,1.84,1.23,0,1.08,0.34,0.73,0.15
9/30/1956,0.04,0.01,0.98,0.66,0,0.57,0.14,0.3,0.33
10/31/1956,0.07,0.01,1.16,0.78,0.35,0.68,0.2,0.41,0.61
11/30/1956,0.11,0.02,1.66,1.11,0.56,0.97,0.23,0.47,0.47
12/31/1956,0.16,0.03,1.9,1.27,0.26,1.11,0.18,0.37,0.68
1/31/1957,0.32,0.06,1.69,1.13,0.11,0.99,0.15,0.3,2.17
2/28/1957,2.62,0.47,5.69,3.81,0.67,3.33,0.39,0.8,6.78
3/31/1957,5.73,1.03,10.15,6.8,1.37,5.95,0.57,1.18,13.99
4/30/1957,3.89,0.7,14.74,9.87,5.92,8.64,0.99,2.03,3.65
5/31/1957,4.72,0.84,26.44,17.7,11.66,15.49,2.18,4.46,7.96
6/30/1957,1.01,0.18,20.32,13.6,9.26,11.91,2.75,5.62,0.77
7/31/1957,0.15,0.03,3.34,2.24,0,1.96,0.72,1.47,0.11
8/31/1957,0.05,0.01,0.62,0.42,0,0.36,0.14,0.29,0.17
9/30/1957,0.03,0.01,0.29,0.19,0.42,0.17,0.08,0.17,0.32
10/31/1957,0.05,0.01,0.68,0.46,0.21,0.4,0.11,0.24,0.47
11/30/1957,0.22,0.04,1.01,0.68,0.17,0.59,0.14,0.29,0.82
12/31/1957,0.57,0.1,1.66,1.11,0,0.97,0.18,0.37,2.67
1/31/1958,0.81,0.14,1.67,1.12,0.21,0.98,0.18,0.38,9.64
2/28/1958,5.02,0.9,5.75,3.85,0.63,3.37,0.42,0.89,27
3/31/1958,3.61,0.65,5.74,3.84,0.64,3.36,0.33,0.7,43.59
4/30/1958,7.38,1.32,17.22,11.53,4.99,10.09,0.94,1.97,46
5/31/1958,15.27,2.73,59.53,39.85,16.12,34.88,3.73,7.83,2.19
6/30/1958,3.35,0.6,33.79,22.62,13.5,19.8,3.26,6.84,0.99
7/31/1958,0.38,0.07,7.89,5.28,2.59,4.62,1.39,2.92,0.42
8/31/1958,0.11,0.02,2.09,1.4,0,1.22,0.45,0.94,0.31
9/30/1958,0.06,0.01,0.89,0.6,0,0.52,0.15,0.31,0.39
10/31/1958,0.04,0.01,0.29,0.19,0.09,0.17,0.07,0.14,0.25
11/30/1958,0.05,0.01,0.44,0.29,0.04,0.26,0.11,0.21,0.51
12/31/1958,0.08,0.01,0.62,0.42,0.02,0.36,0.1,0.19,0.68
1/31/1959,0.99,0.18,2.78,1.86,0.07,1.63,0.32,0.62,3.31
2/28/1959,1.63,0.29,2.97,1.99,0.12,1.74,0.26,0.51,10.6
3/31/1959,2.94,0.53,6.84,4.58,1.86,4.01,0.53,1.05,1.93
4/30/1959,2.92,0.52,13.8,9.24,6.07,8.09,1.39,2.74,1.31
5/31/1959,1.27,0.23,12.46,8.34,5.03,7.3,1.65,3.24,0.56
6/30/1959,0.17,0.03,5.51,3.69,1.72,3.23,1.18,2.33,0.31
7/31/1959,0.05,0.01,0.98,0.66,0,0.57,0.28,0.55,0.24
8/31/1959,0.02,0,0.28,0.19,0,0.16,0.09,0.18,0.33
9/30/1959,0.04,0.01,0.42,0.28,0.29,0.25,0.17,0.34,0.6
10/31/1959,0.04,0.01,0.28,0.19,0.08,0.16,0.07,0.14,0.12
11/30/1959,0.05,0.01,0.22,0.15,0,0.13,0.04,0.08,0.22
12/31/1959,0.07,0.01,0.31,0.21,0,0.18,0.06,0.11,0.39
1/31/1960,0.19,0.03,0.69,0.46,0.01,0.4,0.11,0.22,1.43
2/29/1960,2.45,0.44,2.83,1.89,0.06,1.66,0.32,0.63,11.23
3/31/1960,5.62,1.01,8.89,5.95,0.8,5.21,0.66,1.31,12.07
4/30/1960,3.94,0.71,14.97,10.02,6.32,8.77,1.38,2.72,2.91
5/31/1960,1.8,0.32,14.85,9.94,6.49,8.7,1.86,3.67,0.72
6/30/1960,0.26,0.05,7.01,4.69,2.36,4.11,1.43,2.82,0.15
7/31/1960,0.03,0.01,1.06,0.71,0,0.62,0.29,0.57,0.04
8/31/1960,0.01,0,0.31,0.21,0,0.18,0.11,0.22,0.04
9/30/1960,0.01,0,0.34,0.23,0,0.2,0.07,0.14,0.03
10/31/1960,0.03,0,0.23,0.15,0.02,0.13,0.07,0.14,0.04
11/30/1960,0.04,0.01,0.47,0.31,0.09,0.28,0.11,0.21,0.56
12/31/1960,0.13,0.02,0.73,0.49,0.06,0.43,0.14,0.27,0.61
1/31/1961,0.15,0.03,0.69,0.46,0.08,0.4,0.1,0.18,0.48
2/28/1961,0.49,0.09,1.99,1.33,0.25,1.17,0.22,0.43,2.31
3/31/1961,1.01,0.18,2.96,1.98,1.17,1.73,0.3,0.58,2.8
4/30/1961,1.52,0.27,8.56,5.73,4.54,5.02,0.92,1.79,2.54
5/31/1961,1.53,0.27,13.48,9.02,6,7.9,1.81,3.51,0.56
6/30/1961,0.26,0.05,6.29,4.21,1.83,3.69,1.35,2.62,0.08
7/31/1961,0.04,0.01,0.92,0.62,0,0.54,0.29,0.55,0.01
8/31/1961,0.02,0,0.46,0.31,0,0.27,0.16,0.31,0
9/30/1961,0.03,0,0.47,0.31,0.27,0.28,0.19,0.36,0.02
10/31/1961,0.01,0,0.43,0.29,0,0.25,0.07,0.15,0.12
11/30/1961,0.01,0,0.55,0.37,0,0.32,0.08,0.16,0.23
12/31/1961,0.1,0.02,1.14,0.76,0.19,0.67,0.15,0.31,1.11
1/31/1962,0.09,0.02,1.09,0.73,0.22,0.64,0.14,0.29,1.22
2/28/1962,2.87,0.51,3.29,2.2,0.69,1.93,0.32,0.64,15.32
3/31/1962,1.52,0.27,3.36,2.25,0.75,1.97,0.24,0.49,9.18
4/30/1962,8.76,1.57,24.99,16.73,7.42,14.64,1.65,3.37,11.92
5/31/1962,4.76,0.85,25.07,16.78,9.44,14.69,2.06,4.2,1.55
6/30/1962,1.08,0.19,18.05,12.08,9.18,10.58,2.52,5.14,0.38
7/31/1962,0.15,0.03,3.64,2.44,0.32,2.13,0.84,1.71,0.11
8/31/1962,0.04,0.01,0.6,0.4,0,0.35,0.16,0.32,0.04
9/30/1962,0.01,0,0.35,0.23,0,0.21,0.05,0.11,0.03
10/31/1962,1.1,0.2,2.71,1.81,1.87,1.59,0.46,0.97,0.26
11/30/1962,0.15,0.03,1,0.67,0.23,0.59,0.12,0.26,0.49
12/31/1962,0.68,0.12,2.99,2,1.16,1.75,0.26,0.55,2.33
1/31/1963,3.19,0.57,7.13,4.77,0.77,4.18,0.44,0.92,2.56
2/28/1963,7.83,1.4,21.2,14.19,6.91,12.42,1.25,2.6,32.13
3/31/1963,1.53,0.27,5.48,3.67,1.26,3.21,0.33,0.69,19.26
4/30/1963,6.4,1.14,12.46,8.34,1.79,7.3,0.71,1.47,25
5/31/1963,10.47,1.87,41.75,27.95,13.22,24.46,3.03,6.33,3.26
6/30/1963,1.73,0.31,21.4,14.33,8.41,12.54,2.62,5.47,0.8
7/31/1963,0.35,0.06,4.29,2.87,0.6,2.51,0.89,1.85,0.23
8/31/1963,0.08,0.01,1.16,0.78,0,0.68,0.23,0.49,0.08
9/30/1963,0.04,0.01,0.69,0.46,0,0.4,0.11,0.23,0.05
10/31/1963,0.1,0.02,1.05,0.7,0.21,0.62,0.2,0.4,0.08
11/30/1963,1.24,0.22,4.95,3.31,2.02,2.9,0.6,1.19,5.12
12/31/1963,0.63,0.11,2.9,1.94,1.12,1.7,0.24,0.48,2.89
1/31/1964,0.55,0.1,2.44,1.63,0.59,1.43,0.17,0.34,5.15
2/29/1964,0.83,0.15,2.61,1.75,0,1.53,0.16,0.32,3.4
3/31/1964,1.19,0.21,3.66,2.45,1.11,2.14,0.26,0.52,4.17
4/30/1964,3.22,0.58,12.27,8.21,4.08,7.19,0.99,1.97,4.7
5/31/1964,3.11,0.56,19.44,13.01,7.72,11.39,2.02,4.04,1.63
6/30/1964,0.74,0.13,10.5,7.03,3.57,6.15,1.7,3.41,0.24
7/31/1964,0.16,0.03,2.14,1.43,0,1.25,0.5,1.01,0.05
8/31/1964,0.04,0.01,0.52,0.35,0,0.3,0.14,0.28,0.07
9/30/1964,0.04,0.01,0.4,0.27,0,0.23,0.07,0.14,0.01
10/31/1964,0.02,0,0.37,0.25,0,0.22,0.05,0.1,0.16
11/30/1964,0.24,0.04,1.28,0.86,0.42,0.75,0.19,0.41,1.46
12/31/1964,10.7,1.91,35.64,23.86,7.63,20.88,2.27,4.81,68.09
1/31/1965,6.15,1.1,13.94,9.33,1.75,8.17,0.67,1.43,29.7
2/28/1965,4.01,0.72,9.5,6.36,1.04,5.57,0.48,1.02,5.3
3/31/1965,3.51,0.63,9.9,6.63,2.21,5.8,0.52,1.11,4.13
4/30/1965,7.19,1.29,21.18,14.18,3.72,12.41,1.23,2.61,2.97
5/31/1965,5.86,1.05,34.39,23.02,12.27,20.15,2.31,4.89,1.86
6/30/1965,1.65,0.29,25.66,17.18,11.06,15.03,2.67,5.65,0.6
7/31/1965,0.27,0.05,8.13,5.44,3.01,4.76,1.31,2.77,0.17
8/31/1965,0.16,0.03,4.16,2.78,1.01,2.44,0.84,1.77,0.25
9/30/1965,0.09,0.02,1.6,1.07,0,0.94,0.23,0.48,0.17
10/31/1965,0.06,0.01,1.13,0.76,0.15,0.66,0.19,0.39,0.03
11/30/1965,0.62,0.11,2.89,1.93,0.74,1.69,0.36,0.73,0.26
12/31/1965,0.41,0.07,2.67,1.79,0.09,1.56,0.22,0.44,12.2
1/31/1966,0.43,0.08,2.58,1.73,0.69,1.51,0.2,0.41,5.32
2/28/1966,0.49,0.09,2.42,1.62,0.25,1.42,0.15,0.3,0.95
3/31/1966,3.58,0.64,8.41,5.63,2.18,4.93,0.57,1.13,0.74
4/30/1966,6.07,1.09,20.67,13.84,7.07,12.11,1.76,3.53,0.53
5/31/1966,1.23,0.22,18.8,12.59,7.76,11.01,2.36,4.74,0.33
6/30/1966,0.19,0.03,4.14,2.77,0.52,2.43,0.86,1.73,0.11
7/31/1966,0.06,0.01,1.02,0.68,0,0.6,0.28,0.57,0.03
8/31/1966,0.02,0,0.41,0.27,0,0.24,0.09,0.19,0.05
9/30/1966,0.02,0,0.42,0.28,0.01,0.25,0.07,0.15,0.03
10/31/1966,0.02,0,0.29,0.19,0.49,0.17,0.09,0.19,0.11
11/30/1966,0.3,0.05,2.22,1.49,0.55,1.3,0.26,0.54,1.79
12/31/1966,3.04,0.54,5.12,3.43,1.48,3,0.49,1.04,9.74
1/31/1967,2.5,0.45,4.41,2.95,0.82,2.58,0.31,0.65,19.25
2/28/1967,3.92,0.7,6.05,4.05,0.87,3.54,0.35,0.74,13.02
3/31/1967,6.72,1.2,13.6,9.1,3.4,7.97,0.71,1.5,25.27
4/30/1967,3.38,0.6,7.91,5.3,0.65,4.63,0.37,0.79,15.51
5/31/1967,13.06,2.34,44.19,29.58,10.85,25.89,2.51,5.3,10.98
6/30/1967,6.61,1.18,50.89,34.07,16.95,29.82,4.02,8.49,2.64
7/31/1967,0.77,0.14,18.82,12.6,7.53,11.03,2.59,5.47,0.44
8/31/1967,0.16,0.03,2.57,1.72,0,1.51,0.52,1.1,0.17
9/30/1967,0.12,0.02,1.25,0.84,0,0.73,0.19,0.39,0.17
10/31/1967,0.12,0.02,0.95,0.64,0.15,0.56,0.2,0.39,0.24
11/30/1967,0.12,0.02,0.59,0.39,0.12,0.35,0.11,0.22,0.88
12/31/1967,0.21,0.04,0.41,0.27,0.01,0.24,0.09,0.18,2.22
1/31/1968,0.55,0.1,1.62,1.08,0.05,0.95,0.18,0.36,4.44
2/29/1968,3.3,0.59,7.84,5.25,0.27,4.59,0.58,1.15,15.21
3/31/1968,2.99,0.54,7.83,5.24,2.15,4.59,0.6,1.19,4.75
4/30/1968,3.36,0.6,12.62,8.45,7.37,7.39,1.25,2.49,1.42
5/31/1968,1.27,0.23,14.43,9.66,7.04,8.45,1.88,3.75,0.56
6/30/1968,0.27,0.05,5.37,3.6,1.86,3.15,1.09,2.16,0.12
7/31/1968,0.08,0.02,1.16,0.78,0,0.68,0.28,0.56,0.01
8/31/1968,0.05,0.01,0.91,0.61,0,0.53,0.24,0.48,0.08
9/30/1968,0.02,0,0.59,0.39,0.1,0.35,0.13,0.26,0.03
10/31/1968,0.04,0.01,0.66,0.44,0,0.39,0.09,0.19,0.89
11/30/1968,0.4,0.07,3.01,2.02,2.02,1.76,0.42,0.9,2.53
12/31/1968,0.5,0.09,2.12,1.42,0.28,1.24,0.22,0.46,3.86
1/31/1969,10.71,1.92,12.18,8.15,0.6,7.14,0.75,1.59,51.13
2/28/1969,2.98,0.53,5.49,3.68,0.1,3.22,0.29,0.62,23.95
3/31/1969,3,0.54,7.81,5.23,1.72,4.58,0.38,0.8,14
4/30/1969,10.58,1.89,27.21,18.22,5.72,15.94,1.34,2.85,12.08
5/31/1969,11.37,2.03,64.09,42.91,20.3,37.55,4.09,8.68,4.4
6/30/1969,2.28,0.41,33.53,22.45,13.96,19.65,3.41,7.23,0.89
7/31/1969,0.26,0.05,8.64,5.78,3.86,5.06,1.67,3.53,0.23
8/31/1969,0.1,0.02,1.37,0.92,0,0.8,0.28,0.59,0.11
9/30/1969,0.06,0.01,0.67,0.45,0,0.39,0.1,0.21,0.25
10/31/1969,0.1,0.02,1.29,0.86,0.24,0.76,0.2,0.42,0.41
11/30/1969,0.18,0.03,1.31,0.88,0,0.77,0.14,0.28,1.3
12/31/1969,2.18,0.39,5.99,4.01,1.03,3.51,0.56,1.16,11.84
1/31/1970,16.2,2.9,23.92,16.01,4.2,14.01,1.36,2.81,52.14
2/28/1970,3.47,0.62,9.8,6.56,3.03,5.74,0.6,1.25,5.13
3/31/1970,3.28,0.59,10.75,7.2,3.96,6.3,0.67,1.4,1.51
4/30/1970,2.11,0.38,11.44,7.66,3.13,6.7,0.8,1.67,0.92
5/31/1970,2.6,0.46,26.42,17.69,12.26,15.48,2.34,4.87,0.7
6/30/1970,0.54,0.1,16.39,10.97,6.71,9.6,2.23,4.63,0.34
7/31/1970,0.11,0.02,3.57,2.39,0.04,2.09,0.73,1.51,0.12
8/31/1970,0.04,0.01,0.78,0.52,0,0.46,0.13,0.27,0.1
9/30/1970,0.02,0,0.46,0.31,0,0.27,0.13,0.21,0.07
10/31/1970,0.04,0.01,0.51,0.34,0.11,0.3,0.11,0.17,0.38
11/30/1970,0.54,0.1,3.14,2.1,1.28,1.84,0.79,1.27,1.2
12/31/1970,1.07,0.19,3.22,2.16,1.3,1.89,0.3,0.48,10.91
1/31/1971,1.34,0.24,5.27,3.53,1.01,3.09,0.53,0.85,48.07
2/28/1971,2.34,0.42,5.83,3.9,0.12,3.42,0.35,0.57,4.73
3/31/1971,4.83,0.86,8.81,5.9,2.44,5.16,0.34,0.54,1.39
4/30/1971,6.35,1.14,16.79,11.24,3.04,9.84,0.77,1.24,0.85
5/31/1971,6.02,1.08,29.78,19.94,10.8,17.45,2.78,4.46,0.65
6/30/1971,1.83,0.33,27.19,18.2,11.13,15.93,4.88,7.84,0.31
7/31/1971,0.33,0.06,6.47,4.33,1.53,3.79,1.87,3,0.11
8/31/1971,0.07,0.01,1.1,0.74,0,0.64,0.34,0.55,0.09
9/30/1971,0.05,0.01,0.67,0.45,0,0.39,0.04,0.06,0.06
10/31/1971,0.07,0.01,0.45,0.3,0,0.26,0.07,0.12,0.2
11/30/1971,0.2,0.04,1.35,0.9,0,0.79,0.26,0.42,1.1
12/31/1971,0.6,0.11,1.7,1.14,0.5,1,0.31,0.5,3.83
1/31/1972,0.63,0.11,2.1,1.41,0.38,1.23,0.24,0.38,3.68
2/29/1972,1.2,0.21,2.87,1.92,0.36,1.68,0.23,0.36,7.22
3/31/1972,5.66,1.01,14.7,9.84,4.36,8.61,0.99,1.59,14.21
4/30/1972,4.53,0.81,13.19,8.83,3.28,7.73,1.15,1.85,3.55
5/31/1972,2.78,0.5,23.89,15.99,9.75,14,3.05,4.9,1.16
6/30/1972,0.49,0.09,11.05,7.4,4.23,6.47,2.7,4.34,0.22
7/31/1972,0.09,0.02,1.55,1.04,0,0.91,0.61,0.97,0.05
8/31/1972,0.04,0.01,0.55,0.37,0,0.32,0.12,0.19,0.03
9/30/1972,0.04,0.01,0.66,0.44,0.16,0.39,0.11,0.17,0.06
10/31/1972,0.1,0.02,0.8,0.54,0.2,0.47,0.22,0.35,0.34
11/30/1972,0.29,0.05,1.43,0.96,0.25,0.84,0.29,0.46,2.38
12/31/1972,1.11,0.2,4.78,3.2,1.9,2.8,0.58,0.92,8.15
1/31/1973,2.95,0.53,5.82,3.9,1.03,3.41,0.4,0.65,26.33
2/28/1973,1.56,0.28,3.79,2.54,0.64,2.22,0.29,0.47,17.53
3/31/1973,2.5,0.45,5.18,3.47,0.61,3.03,0.31,0.5,7.62
4/30/1973,6.14,1.1,16.55,11.08,4.36,9.7,1.54,2.48,4.64
5/31/1973,6.33,1.13,42.76,28.63,15.52,25.05,4.21,6.76,2.26
6/30/1973,0.81,0.14,14.34,9.6,6.05,8.4,2.83,4.55,0.34
7/31/1973,0.14,0.02,2.14,1.43,0,1.25,0.67,1.08,0.08
8/31/1973,0.05,0.01,0.74,0.5,0,0.43,0.26,0.42,0.05
9/30/1973,0.03,0.01,0.44,0.29,0,0.26,0.06,0.09,0.15
10/31/1973,0.12,0.02,0.79,0.53,0.04,0.46,0.32,0.52,0.46
11/30/1973,3.1,0.55,9.69,6.49,6.28,5.68,1.23,1.97,15.21
12/31/1973,3.3,0.59,6.89,4.61,1.48,4.04,0.57,0.92,16.44
1/31/1974,6.61,1.18,13.83,9.26,2.72,8.1,0.74,1.19,39.58
2/28/1974,1.74,0.31,5.74,3.84,0.79,3.36,0.39,0.62,9.16
3/31/1974,7.1,1.27,13.63,9.12,1.8,7.99,0.55,0.88,15.85
4/30/1974,6.82,1.22,18.75,12.55,3.49,10.99,0.76,1.22,7.47
5/31/1974,5.57,1,40.45,27.08,15.46,23.7,3.99,6.42,2.56
6/30/1974,0.91,0.16,22.32,14.94,9.72,13.08,4.6,7.39,0.98
7/31/1974,0.44,0.08,5.68,3.8,1.58,3.33,2.01,3.23,0.3
8/31/1974,0.13,0.02,1.31,0.88,0,0.77,0.53,0.85,0.17
9/30/1974,0.09,0.02,0.47,0.31,0,0.28,0.05,0.07,0.2
10/31/1974,0.12,0.02,0.54,0.36,0,0.32,0.03,0.05,0.25
11/30/1974,0.2,0.04,0.78,0.52,0,0.46,0.16,0.26,8.14
12/31/1974,0.46,0.08,1.2,0.8,0.29,0.7,0.2,0.33,8.8
1/31/1975,0.73,0.13,1.63,1.09,0.45,0.96,0.28,0.45,21.19
2/28/1975,1.25,0.22,2.04,1.37,0.56,1.2,0.29,0.47,4.91
3/31/1975,3.46,0.62,5.06,3.39,0.67,2.96,0.36,0.58,8.49
4/30/1975,3.72,0.67,6.42,4.3,0.92,3.76,0.34,0.54,4
5/31/1975,11.08,1.98,40.3,26.98,12.8,23.61,3.15,5.07,1.37
6/30/1975,2.99,0.53,38.77,25.96,13.9,22.72,4.13,6.64,0.53
7/31/1975,0.43,0.08,7,4.69,1.99,4.1,2,3.22,0.16
8/31/1975,0.22,0.04,1.49,1,0,0.87,0.49,0.79,0.09
9/30/1975,0.12,0.02,0.85,0.57,0,0.5,0.11,0.17,0.11
10/31/1975,0.48,0.09,2.71,1.81,1.13,1.59,0.69,1.1,0.01
11/30/1975,0.59,0.11,3.19,2.14,0.79,1.87,0.54,0.87,0.5
12/31/1975,0.42,0.07,2.28,1.53,0.61,1.34,0.29,0.47,0.4
1/31/1976,0.27,0.05,1.64,1.1,0,0.96,0.25,0.39,0.26
2/29/1976,0.45,0.08,1.74,1.16,0.37,1.02,0.25,0.4,0.41
3/31/1976,1.28,0.23,3.63,2.43,0.89,2.13,0.62,0.99,0.39
4/30/1976,1.54,0.28,5.99,4.01,2.23,3.51,0.82,1.32,0.17
5/31/1976,0.95,0.17,9.57,6.41,4.25,5.61,2.12,3.41,0.06
6/30/1976,0.2,0.04,2.09,1.4,0,1.22,0.77,1.24,0
7/31/1976,0.08,0.01,0.58,0.39,0,0.34,0.11,0.18,0
8/31/1976,0.14,0.03,0.92,0.62,0,0.54,0.53,0.86,0
9/30/1976,0.07,0.01,0.64,0.43,0.11,0.37,0.19,0.31,0.01
10/31/1976,0.09,0.02,0.44,0.29,0,0.26,0.09,0.15,0
11/30/1976,0.09,0.02,0.37,0.25,0,0.22,0.1,0.16,0
12/31/1976,0.07,0.01,0.28,0.19,0,0.16,0.05,0.07,0
1/31/1977,0.13,0.02,0.65,0.44,0,0.38,0.1,0.16,0
2/28/1977,0.17,0.03,0.75,0.5,0.01,0.44,0.1,0.17,0
3/31/1977,0.34,0.06,1.15,0.77,0.17,0.67,0.17,0.27,0
4/30/1977,0.43,0.08,4.06,2.72,2.61,2.38,0.65,1.04,0
5/31/1977,0.45,0.08,4.93,3.3,2.39,2.89,0.7,1.12,0
6/30/1977,0.15,0.03,4.27,2.86,1.27,2.5,0.6,0.96,0
7/31/1977,0.05,0.01,0.57,0.38,0,0.33,1.34,2.16,0
8/31/1977,0.02,0,0.11,0.07,0,0.06,0.08,0.13,0
9/30/1977,0.02,0,0.29,0.19,0.19,0.17,0.02,0.04,0
10/31/1977,0.03,0.01,0.24,0.16,0.04,0.14,0.01,0.02,0
11/30/1977,0.13,0.02,0.22,0.15,0,0.13,0.1,0.16,0.27
12/31/1977,2.14,0.38,2.31,1.55,1.17,1.35,0.41,0.67,5.11
1/31/1978,5.62,1.01,4.49,3.01,0.8,2.63,0.33,0.53,23.96
2/28/1978,3.33,0.6,3.83,2.56,0.55,2.24,0.27,0.43,12.83
3/31/1978,8,1.43,12.69,8.5,1.51,7.44,0.94,1.51,22.52
4/30/1978,7.66,1.37,16.78,11.23,4.38,9.83,1.37,2.2,8.01
5/31/1978,6.31,1.13,36.95,24.74,12.85,21.65,3.08,4.96,2.64
6/30/1978,1.72,0.31,29.44,19.71,12.49,17.25,4.37,7.03,0.68
7/31/1978,0.28,0.05,5.89,3.94,2.83,3.45,1.8,2.89,0.17
8/31/1978,0.13,0.02,1.29,0.86,0,0.76,0.54,0.86,0.03
9/30/1978,0.16,0.03,2.03,1.36,0.34,1.19,0.48,0.78,0.2
10/31/1978,0.12,0.02,0.63,0.42,0,0.37,0.08,0.13,0
11/30/1978,0.19,0.03,0.76,0.51,0.14,0.45,0.11,0.17,0.14
12/31/1978,0.22,0.04,1.1,0.74,0.29,0.64,0.22,0.35,2.7
1/31/1979,1.3,0.23,4.58,3.07,1.63,2.68,0.53,0.86,12.66
2/28/1979,1.4,0.25,2.52,1.69,0.03,1.48,0.26,0.42,6.78
3/31/1979,4.54,0.81,7.48,5.01,1.72,4.38,0.46,0.75,11.9
4/30/1979,6.81,1.22,16.17,10.83,3.69,9.47,1.45,2.33,4.23
5/31/1979,7.91,1.42,39.26,26.28,14.43,23,3.96,6.37,1.4
6/30/1979,0.94,0.17,13.24,8.86,4.87,7.76,2.57,4.14,0.36
7/31/1979,0.24,0.04,2.65,1.77,0,1.55,0.86,1.38,0.09
8/31/1979,0.11,0.02,0.91,0.61,0,0.53,0.16,0.25,0.01
9/30/1979,0.07,0.01,0.67,0.45,0,0.39,0.08,0.13,0.11
10/31/1979,0.18,0.03,1.14,0.76,0.02,0.67,0.38,0.61,0.46
11/30/1979,0.41,0.07,1.88,1.26,0.41,1.1,0.42,0.67,1.8
12/31/1979,0.63,0.11,2.01,1.35,0.39,1.18,0.35,0.56,2.56
1/31/1980,12.79,2.29,25.98,17.39,5.99,15.22,1.33,2.14,55.07
2/29/1980,7.71,1.38,15.18,10.16,2.03,8.89,1.07,1.72,24.8
3/31/1980,4.27,0.76,10.45,7,0.89,6.12,1.05,1.69,6.58
4/30/1980,4.78,0.85,21.13,14.15,6.02,12.38,1.69,2.72,1.9
5/31/1980,4.45,0.8,34.88,23.35,11.63,20.44,3.38,5.44,1.9
6/30/1980,1.27,0.23,24.36,16.31,11.04,14.27,2.29,3.68,0.55
7/31/1980,0.37,0.07,8.89,5.95,4.2,5.21,2.26,3.63,0.26
8/31/1980,0.13,0.02,1.65,1.1,0,0.97,0.31,0.49,0.12
9/30/1980,0.12,0.02,0.99,0.66,0,0.58,0.18,0.29,0.14
10/31/1980,0.08,0.01,0.55,0.37,0,0.32,0.05,0.08,0.18
11/30/1980,0.09,0.02,0.55,0.37,0,0.32,0.16,0.26,0.22
12/31/1980,0.25,0.04,1.1,0.74,0,0.64,0.25,0.4,0.65
1/31/1981,0.33,0.06,1.02,0.68,0.16,0.6,0.23,0.37,1.71
2/28/1981,1.29,0.23,2.95,1.97,1.35,1.73,0.4,0.65,2.99
3/31/1981,2.28,0.41,3.92,2.62,0.91,2.3,0.38,0.6,4.95
4/30/1981,3.18,0.57,13.78,9.23,5.25,8.07,1.62,2.6,1.47
5/31/1981,1.31,0.24,15.98,10.7,7.12,9.36,2.39,3.84,0.29
6/30/1981,0.26,0.05,4.67,3.13,1.12,2.74,1.06,1.71,0.07
7/31/1981,0.06,0.01,0.86,0.58,0,0.5,0.14,0.23,0
8/31/1981,0.03,0.01,0.32,0.21,0,0.19,0,0,0
9/30/1981,0.02,0,0.34,0.23,0,0.2,0.01,0.01,0
10/31/1981,0.13,0.02,0.86,0.58,0.38,0.5,0.26,0.42,0.67
11/30/1981,3.63,0.65,9.8,6.56,5.01,5.74,1.37,2.2,19.35
12/31/1981,10.15,1.82,17.02,11.39,5.23,9.97,1.71,2.76,42.52
1/31/1982,4.7,0.84,8.21,5.5,1.26,4.81,1.01,1.62,26.38
2/28/1982,10.32,1.85,24.35,16.3,4.26,14.27,1.67,2.69,46.2
3/31/1982,5.71,1.02,16.47,11.03,2.53,9.65,0.72,1.15,13.59
4/30/1982,6.63,1.19,32.85,21.99,6.94,19.25,0.8,1.28,11.15
5/31/1982,8.37,1.5,48.73,32.62,17.08,28.55,3.28,5.27,3.32
6/30/1982,2.26,0.4,24.92,16.68,11.67,14.6,4.02,6.45,0.77
7/31/1982,0.62,0.11,8.16,5.46,3.33,4.78,2.74,4.41,0.25
8/31/1982,0.12,0.02,2.02,1.35,0,1.18,0.68,1.09,0.12
9/30/1982,0.18,0.03,2.58,1.73,1.03,1.51,0.46,0.74,0.5
10/31/1982,1.69,0.3,6.23,4.17,3.92,3.65,0.94,1.51,4.3
11/30/1982,2.88,0.52,6.61,4.43,1.44,3.87,0.87,1.4,10.06
12/31/1982,3.99,0.71,8.11,5.43,0.87,4.75,0.45,0.72,25.91
1/31/1983,4.33,0.77,7.97,5.34,0.8,4.67,0.39,0.63,24.96
2/28/1983,5.14,0.92,9.93,6.65,0.87,5.82,0.39,0.63,34.8
3/31/1983,10.29,1.84,21.5,14.39,1.16,12.6,0.66,1.05,48.91
4/30/1983,5.43,0.97,16.03,10.73,1.34,9.39,0.73,1.17,12.02
5/31/1983,14.78,2.64,53.95,36.12,12.61,31.61,2.49,4.01,6.85
6/30/1983,11.46,2.05,71.26,47.71,24.23,41.75,4.91,7.89,3.42
7/31/1983,2.36,0.42,27.63,18.5,13.76,16.19,4.28,6.87,0.75
8/31/1983,0.34,0.06,5.6,3.75,2.11,3.28,1.58,2.53,0.25
9/30/1983,0.28,0.05,3.81,2.55,0.9,2.23,1.28,2.06,0.47
10/31/1983,0.56,0.1,2.69,1.8,1.3,1.58,0.41,0.65,2.42
11/30/1983,9.72,1.74,20,13.39,5.22,11.72,1.7,2.73,5.66
12/31/1983,10.35,1.85,23.24,15.56,3.34,13.62,0.89,1.43,14.57
1/31/1984,4.84,0.87,14.96,10.02,1.32,8.77,0.64,1.03,14.03
2/29/1984,2.95,0.53,8.93,5.98,0.95,5.23,0.57,0.91,19.56
3/31/1984,2.35,0.42,14.04,9.4,2.47,8.23,0.75,1.21,27.49
4/30/1984,2.91,0.52,16.44,11.01,4.16,9.63,0.94,1.51,6.76
5/31/1984,5.37,0.96,34.85,23.33,15.11,20.42,3.66,5.89,3.85
6/30/1984,1.43,0.26,17.68,11.84,6.65,10.36,3.49,5.61,1.92
7/31/1984,0.24,0.04,3.57,2.39,0.42,2.09,2,3.21,0.42
8/31/1984,0.09,0.02,1.25,0.84,0,0.73,0.32,0.51,0.14
9/30/1984,0.05,0.01,0.84,0.56,0,0.49,0.09,0.14,0.26
10/31/1984,0.26,0.05,1.37,0.92,0.54,0.8,0.49,0.79,0.54
11/30/1984,1.29,0.23,3.41,2.28,0.72,2,0.77,1.23,4.68
12/31/1984,1.13,0.2,1.84,1.23,1.79,1.08,0.43,0.69,3.43
1/31/1985,1.17,0.21,2.02,1.35,1.25,1.18,0.22,0.36,2.29
2/28/1985,1.07,0.19,2.5,1.67,0.73,1.46,0.2,0.32,4.27
3/31/1985,1.78,0.32,4.4,2.95,1.13,2.58,0.27,0.44,6.29
4/30/1985,4.79,0.86,20.33,13.61,7.02,11.91,1.72,2.76,3.77
5/31/1985,2.36,0.42,18.11,12.12,8.8,10.61,2.44,3.92,0.66
6/30/1985,0.37,0.07,5.03,3.37,1.93,2.95,1.52,2.45,0.1
7/31/1985,0.05,0.01,1.11,0.74,0,0.65,0.3,0.48,0.02
8/31/1985,0.02,0,0.47,0.31,0,0.28,0.09,0.15,0.01
9/30/1985,0.05,0.01,0.85,0.57,0.23,0.5,0.17,0.28,0.1
10/31/1985,0.11,0.02,0.71,0.48,0.04,0.42,0.29,0.47,2.48
11/30/1985,0.27,0.05,1.22,0.82,0.28,0.71,0.24,0.39,1.74
12/31/1985,0.8,0.14,3.03,2.03,1.12,1.78,0.39,0.62,4.52
1/31/1986,3.59,0.64,8.43,5.64,1.96,4.94,0.6,0.97,14.93
2/28/1986,15.24,2.73,32.07,21.47,5.04,18.79,1.17,1.88,82.76
3/31/1986,9.9,1.77,32.46,21.73,6.04,19.02,2.02,3.24,11.61
4/30/1986,4.52,0.81,24.33,16.29,7.75,14.25,1.78,2.87,1.94
5/31/1986,4.86,0.87,30.81,20.63,14.95,18.05,3.38,5.43,1.13
6/30/1986,1.59,0.28,17.26,11.55,10.86,10.11,3.76,6.04,0.58
7/31/1986,0.24,0.04,2.83,1.89,0.86,1.66,1.76,2.82,0.15
8/31/1986,0.06,0.01,0.52,0.35,0,0.3,0.26,0.42,0.19
9/30/1986,0.05,0.01,0.7,0.47,0,0.41,0.18,0.29,0.14
10/31/1986,0.1,0.02,0.61,0.41,0.44,0.36,0.34,0.55,0.01
11/30/1986,0.11,0.02,0.31,0.21,0.28,0.18,0.28,0.45,0.08
12/31/1986,0.08,0.01,0.27,0.18,0,0.16,0.08,0.13,0.1
1/31/1987,0.2,0.03,0.78,0.52,0.09,0.46,0.11,0.18,0.46
2/28/1987,0.48,0.09,1.65,1.1,0.11,0.97,0.19,0.3,1.45
3/31/1987,0.92,0.16,3.12,2.09,0.88,1.83,0.28,0.44,1.99
4/30/1987,2.19,0.39,10.96,7.34,6.03,6.42,2.05,3.29,0.58
5/31/1987,0.82,0.15,8.94,5.99,5.2,5.24,1.99,3.2,0.13
6/30/1987,0.09,0.02,2.12,1.42,0.45,1.24,0.69,1.1,0.01
7/31/1987,0.02,0,0.59,0.39,0,0.35,0.18,0.29,0.01
8/31/1987,0.01,0,0.14,0.09,0.43,0.08,0.05,0.07,0
9/30/1987,0.01,0,0.13,0.09,0.09,0.08,0.01,0.02,0.01
10/31/1987,0.01,0,0.21,0.14,0.15,0.12,0.03,0.04,0.13
11/30/1987,0.06,0.01,0.42,0.28,0,0.25,0.21,0.34,0.06
12/31/1987,0.22,0.04,1.01,0.68,0.29,0.59,0.4,0.63,0.08
1/31/1988,0.51,0.09,1.72,1.15,0.49,1.01,0.3,0.48,0.38
2/29/1988,0.64,0.11,2.26,1.51,0.69,1.32,0.27,0.44,1.21
3/31/1988,1.13,0.2,4.71,3.15,2.33,2.76,0.67,1.08,1.67
4/30/1988,0.96,0.17,6.89,4.61,3.84,4.04,1.18,1.9,0.49
5/31/1988,0.58,0.1,6.49,4.34,3.53,3.8,1.62,2.61,0.11
6/30/1988,0.14,0.02,2.88,1.93,1.03,1.69,1.14,1.83,0.01
7/31/1988,0.02,0,0.54,0.36,0,0.32,0.22,0.35,0
8/31/1988,0.01,0,0.23,0.15,0,0.13,0,0,0
9/30/1988,0.01,0,0.16,0.11,0,0.09,0.03,0.05,0.01
10/31/1988,0.02,0,0.14,0.09,0,0.08,0.05,0.08,0.07
11/30/1988,0.18,0.03,0.86,0.58,0.28,0.5,0.36,0.58,1.81
12/31/1988,0.23,0.04,0.99,0.66,0.28,0.58,0.22,0.35,1.86
1/31/1989,0.42,0.07,1.2,0.8,0.16,0.7,0.21,0.34,2.23
2/28/1989,0.81,0.15,2.23,1.49,0.71,1.31,0.3,0.48,3.75
3/31/1989,8.88,1.59,19.23,12.87,4.7,11.27,1.61,2.59,30.88
4/30/1989,6.62,1.18,26.6,17.81,8.78,15.58,2.02,3.25,4.82
5/31/1989,3.05,0.55,20.65,13.82,8.29,12.1,2.98,4.79,0.86
6/30/1989,0.82,0.15,10.55,7.06,5.21,6.18,2.68,4.31,0.22
7/31/1989,0.1,0.02,0.81,0.54,0,0.47,0.85,1.36,0.04
8/31/1989,0.02,0,0.39,0.26,0,0.23,0.19,0.31,0.01
9/30/1989,0.03,0.01,0.42,0.28,0,0.25,0.28,0.45,0.13
10/31/1989,0.29,0.05,1.16,0.78,1.44,0.68,0.29,0.46,0.02
11/30/1989,0.47,0.08,1.27,0.85,0.55,0.74,0.27,0.43,0.59
12/31/1989,0.54,0.1,1.26,0.84,0.51,0.74,0.24,0.38,0.52
1/31/1990,0.94,0.17,2.04,1.37,0.42,1.2,0.35,0.57,2
2/28/1990,0.8,0.14,1.7,1.14,0.65,1,0.27,0.44,2.16
3/31/1990,2.19,0.39,6.3,4.22,1.88,3.69,0.75,1.2,4.62
4/30/1990,3.01,0.54,14.71,9.85,6.65,8.62,1.77,2.84,1.53
5/31/1990,1.16,0.21,9.96,6.67,4.6,5.84,1.83,2.94,0.31
6/30/1990,0.34,0.06,5.87,3.93,1.88,3.44,1.2,1.93,0.09
7/31/1990,0.05,0.01,1.23,0.82,0,0.72,0.33,0.52,0.01
8/31/1990,0.02,0,0.43,0.29,0,0.25,0.1,0.17,0.01
9/30/1990,0.02,0,0.37,0.25,0.01,0.22,0.02,0.03,0.01
10/31/1990,0.03,0.01,0.23,0.15,0,0.13,0,0.01,0.03
11/30/1990,0.02,0,0.19,0.13,0,0.11,0.02,0.03,0.06
12/31/1990,0.05,0.01,0.32,0.21,0,0.19,0.05,0.07,0.16
1/31/1991,0.06,0.01,0.41,0.27,0,0.24,0.05,0.09,0.15
2/28/1991,0.14,0.02,0.67,0.45,0.01,0.39,0.08,0.12,0.32
3/31/1991,1.64,0.29,4.11,2.75,1.8,2.41,0.56,0.9,7.37
4/30/1991,3.18,0.57,8.42,5.64,2.77,4.93,1.23,1.98,4.85
5/31/1991,3.46,0.62,17.6,11.78,7.96,10.31,2.25,3.62,1.38
6/30/1991,0.97,0.17,11.27,7.54,5.48,6.6,2.2,3.53,0.18
7/31/1991,0.08,0.01,2.05,1.37,0.08,1.2,0.55,0.88,0.03
8/31/1991,0.02,0,0.64,0.43,0,0.37,0.1,0.16,0
9/30/1991,0.01,0,0.31,0.21,0,0.18,0.01,0.01,0.04
10/31/1991,0.05,0.01,0.59,0.39,0.01,0.35,0.05,0.09,0.01
11/30/1991,0.26,0.05,1.16,0.78,0.25,0.68,0.39,0.63,0.02
12/31/1991,0.22,0.04,0.86,0.58,0.01,0.5,0.16,0.25,0.06
1/31/1992,0.31,0.06,0.91,0.61,0.07,0.53,0.14,0.23,0.06
2/29/1992,1.03,0.18,2.84,1.9,0.94,1.66,0.41,0.66,0.12
3/31/1992,1.39,0.25,4.89,3.27,1.51,2.87,0.84,1.35,2.84
4/30/1992,1.92,0.34,11.5,7.7,6.76,6.74,1.6,2.58,1.87
5/31/1992,0.55,0.1,6.21,4.16,4.15,3.64,1.52,2.44,0.53
6/30/1992,0.09,0.02,1.54,1.03,0.24,0.9,0.56,0.9,0.07
7/31/1992,0.05,0.01,1.48,0.99,0.99,0.87,0.41,0.66,0.01
8/31/1992,0.01,0,0.34,0.23,0,0.2,0.06,0.1,0
9/30/1992,0.01,0,0.19,0.13,0,0.11,0,0,0.01
10/31/1992,0.04,0.01,0.41,0.27,0.03,0.24,0.02,0.03,0.2
11/30/1992,0.07,0.01,0.49,0.33,0.01,0.29,0.21,0.35,0.34
12/31/1992,0.27,0.05,1.05,0.7,0.41,0.62,0.26,0.42,3.4
1/31/1993,1.5,0.27,4.85,3.25,0.93,2.84,0.34,0.55,22.16
2/28/1993,1.62,0.29,3.89,2.6,0.62,2.28,0.29,0.47,16.52
3/31/1993,9.14,1.63,17.92,12,2.37,10.5,1.25,2.02,26.67
4/30/1993,8.92,1.6,22.94,15.36,4.97,13.44,1.81,2.91,8.37
5/31/1993,9.66,1.73,45.24,30.29,18.32,26.51,3.49,5.62,3
6/30/1993,2.22,0.4,25.85,17.31,11.21,15.15,3.03,4.87,0.69
7/31/1993,0.4,0.07,6.2,4.15,3.23,3.63,1.87,3,0.19
8/31/1993,0.1,0.02,1.34,0.9,0,0.79,0.59,0.94,0.12
9/30/1993,0.03,0,0.37,0.25,0,0.22,0.14,0.23,0.11
10/31/1993,0.05,0.01,0.38,0.25,0,0.22,0.26,0.41,0.05
11/30/1993,0.04,0.01,0.34,0.23,0,0.2,0.12,0.19,0.06
12/31/1993,0.12,0.02,0.53,0.35,0.04,0.31,0.19,0.31,0.25
1/31/1994,0.16,0.03,0.72,0.48,0.07,0.42,0.2,0.32,0.26
2/28/1994,0.32,0.06,1.03,0.69,0.23,0.6,0.25,0.4,0.67
3/31/1994,1.15,0.21,3.8,2.54,1.27,2.23,0.76,1.22,1.07
4/30/1994,1.39,0.25,8.1,5.42,4.38,4.75,1.36,2.19,0.39
5/31/1994,0.78,0.14,9.15,6.13,5.07,5.36,1.82,2.93,0.1
6/30/1994,0.1,0.02,2.41,1.61,0.57,1.41,0.89,1.42,0.01
7/31/1994,0.01,0,0.48,0.32,0,0.28,0.12,0.19,0
8/31/1994,0,0,0.08,0.05,0,0.05,0,0,0
9/30/1994,0.01,0,0.19,0.13,0,0.11,0.04,0.07,0.01
10/31/1994,0.04,0.01,0.34,0.23,0,0.2,0.07,0.12,2.79
11/30/1994,0.17,0.03,1.18,0.79,0.62,0.69,0.24,0.39,1.34
12/31/1994,0.36,0.06,1.31,0.88,0.52,0.77,0.24,0.39,4.46
1/31/1995,3.15,0.56,9.71,6.5,1.71,5.69,0.43,0.7,43.02
2/28/1995,4.03,0.72,8.24,5.52,1.44,4.83,0.54,0.87,15.73
3/31/1995,14.38,2.57,27.15,18.18,4,15.91,1.21,1.94,57.15
4/30/1995,10.6,1.9,26.15,17.51,4.22,15.32,1.39,2.24,14.72
5/31/1995,13.61,2.43,52.39,35.07,12.04,30.7,3.07,4.93,7.06
6/30/1995,9.15,1.64,56.11,37.56,21.56,32.87,5.16,8.29,2.45
7/31/1995,2.34,0.42,28.67,19.19,13.13,16.8,4.89,7.86,0.66
8/31/1995,0.32,0.06,4.57,3.06,1.39,2.68,1.87,3.01,0.27
9/30/1995,0.09,0.02,1.07,0.72,0,0.63,0.59,0.94,0.31
10/31/1995,0.08,0.01,0.52,0.35,0,0.3,0.23,0.37,0.14
11/30/1995,0.08,0.02,0.72,0.48,0,0.42,0.06,0.09,0.13
12/31/1995,1.56,0.28,4.65,3.11,1.97,2.72,0.79,1.27,5.06
1/31/1996,2.42,0.43,5.31,3.55,1.47,3.11,0.56,0.89,13.71
2/29/1996,9.82,1.76,18.22,12.2,4.42,10.68,1.31,2.11,38.95
3/31/1996,6.28,1.12,16.2,10.85,2.5,9.49,0.69,1.11,20.08
4/30/1996,7.51,1.34,26.3,17.61,6.3,15.41,1.88,3.02,7.85
5/31/1996,7.56,1.35,46.41,31.07,15.51,27.19,4.43,7.11,3.18
6/30/1996,1.47,0.26,18.28,12.24,7.4,10.71,3.31,5.33,0.46
7/31/1996,0.25,0.04,4.06,2.72,0.63,2.38,1.73,2.78,0.14
8/31/1996,0.06,0.01,0.94,0.63,0,0.55,0.24,0.39,0.12
9/30/1996,0.05,0.01,0.62,0.42,0.03,0.36,0.23,0.36,0.15
10/31/1996,0.08,0.01,0.56,0.37,0.06,0.33,0.2,0.32,0.19
11/30/1996,1.26,0.23,3.76,2.52,1.69,2.2,1.45,2.33,0.18
12/31/1996,7.6,1.36,15.13,10.13,2.86,8.86,1.6,2.58,6.83
1/31/1997,18.9,3.38,42.38,28.37,10.29,24.83,4.59,7.37,18.53
2/28/1997,1.91,0.34,10.33,6.92,0.96,6.05,0.81,1.3,52.62
3/31/1997,2.78,0.5,15.01,10.05,3.8,8.79,1.1,1.77,27.13
4/30/1997,4.07,0.73,20.96,14.03,7.79,12.28,1.64,2.64,10.6
5/31/1997,2.74,0.49,26.96,18.05,12.5,15.8,2.72,4.37,4.29
6/30/1997,0.89,0.16,11.69,7.83,4.6,6.85,3.13,5.02,0.63
7/31/1997,0.15,0.03,2.41,1.61,0.06,1.41,1.04,1.67,0.19
8/31/1997,0.06,0.01,0.81,0.54,0,0.47,0.28,0.45,0.16
9/30/1997,0.04,0.01,0.54,0.36,0,0.32,0.14,0.23,0.2
10/31/1997,0.09,0.02,0.77,0.52,0,0.45,0.19,0.31,0.21
11/30/1997,0.18,0.03,1.02,0.68,0.09,0.6,0.26,0.41,3.45
12/31/1997,0.29,0.05,1.12,0.75,0.15,0.66,0.31,0.5,43.36
1/31/1998,1.7,0.3,5.15,3.45,0.82,3.02,0.63,1.01,60.01
2/28/1998,2.7,0.48,6.03,4.04,0.97,3.53,0.43,0.7,1.51
3/31/1998,9.07,1.62,17.2,11.51,3.2,10.08,0.98,1.58,1.32
4/30/1998,8.21,1.47,18.45,12.35,3.75,10.81,1.49,2.4,1.14
5/31/1998,9.48,1.7,33.42,22.37,7.28,19.58,2.13,3.42,0.59
6/30/1998,8.6,1.54,52.74,35.31,19.43,30.9,5.82,9.35,0.27
7/31/1998,1.63,0.29,21.72,14.54,9.04,12.73,3.43,5.52,0.14
8/31/1998,0.15,0.03,2.74,1.83,0.04,1.61,0.67,1.08,0.12
9/30/1998,0.12,0.02,1.8,1.21,0.28,1.05,0.38,0.61,0.11
10/31/1998,0.14,0.02,1.17,0.78,0.12,0.69,0.23,0.37,0.2
11/30/1998,0.47,0.08,2.03,1.36,0.32,1.19,0.23,0.37,0.81
12/31/1998,1.17,0.21,3.16,2.12,1.03,1.85,0.45,0.73,1.8
1/31/1999,2.27,0.41,5.09,3.41,0.86,2.98,0.36,0.57,14.76
2/28/1999,4.07,0.73,8.26,5.53,0.78,4.84,0.34,0.55,25.35
3/31/1999,4.53,0.81,9.57,6.41,1.04,5.61,0.62,0.99,20.26
4/30/1999,6.31,1.13,17.16,11.49,3.67,10.05,1.37,2.21,8.79
5/31/1999,8.9,1.59,40.1,26.85,15.88,23.49,3.6,5.78,4.62
6/30/1999,2.67,0.48,27.7,18.54,10.56,16.23,4.03,6.47,2
7/31/1999,0.27,0.05,5.89,3.94,0.72,3.45,1.16,1.86,0.35
8/31/1999,0.09,0.02,1.57,1.05,0,0.92,0.55,0.88,0.1
9/30/1999,0.06,0.01,0.81,0.54,0,0.47,0.3,0.48,0.21
10/31/1999,0.12,0.02,0.5,0.33,0.09,0.29,0.3,0.49,0.24
11/30/1999,0.19,0.03,0.93,0.62,0.15,0.54,0.13,0.2,0.8
12/31/1999,0.16,0.03,0.83,0.56,0.05,0.49,0.11,0.18,1
1/31/2000,1.46,0.26,4.36,2.92,0.75,2.55,0.21,0.34,11.22
2/29/2000,3.44,0.61,7.57,5.07,0.22,4.44,0.57,0.92,29.04
3/31/2000,4.57,0.82,9.99,6.69,2.89,5.85,0.93,1.49,10.88
4/30/2000,5.89,1.05,21.04,14.09,7.21,12.33,1.74,2.8,3.93
5/31/2000,4.2,0.75,27.84,18.64,11.43,16.31,3.57,5.74,1.52
6/30/2000,0.73,0.13,9.4,6.29,3.9,5.51,2.58,4.14,0.26
7/31/2000,0.09,0.02,1.5,1,0,0.88,0.81,1.3,0.08
8/31/2000,0.03,0.01,0.56,0.37,0,0.33,0.17,0.27,0.04
9/30/2000,0.04,0.01,0.72,0.48,0,0.42,0.12,0.2,0.15
10/31/2000,0.06,0.01,0.64,0.43,0,0.37,0.1,0.17,0.04
11/30/2000,0.1,0.02,0.64,0.43,0,0.37,0.18,0.29,0.21
12/31/2000,0.19,0.03,0.8,0.54,0.11,0.47,0.16,0.25,0.45
1/31/2001,0.21,0.04,0.81,0.54,0.14,0.47,0.15,0.24,0.79
2/28/2001,0.41,0.07,1.1,0.74,0.32,0.64,0.12,0.2,1.89
3/31/2001,1.99,0.36,5.17,3.46,2,3.03,0.89,1.44,3.93
4/30/2001,2,0.36,9.01,6.03,3.97,5.28,1.38,2.22,1.51
5/31/2001,1.56,0.28,14.51,9.71,8.37,8.5,2.54,4.09,0.33
6/30/2001,0.07,0.01,1.93,1.29,0.05,1.13,0.55,0.88,0.02
7/31/2001,0.02,0,0.52,0.35,0,0.3,0.21,0.33,0.01
8/31/2001,0.01,0,0.21,0.14,0,0.12,0.07,0.11,0
9/30/2001,0.01,0,0.28,0.19,0,0.16,0.04,0.06,0.02
10/31/2001,0.03,0.01,0.39,0.26,0,0.23,0.01,0.01,0.02
11/30/2001,0.28,0.05,1.53,1.02,0.52,0.9,0.17,0.28,1.03
12/31/2001,0.72,0.13,1.88,1.26,0.75,1.1,0.39,0.63,5.3
1/31/2002,1.68,0.3,3.84,2.57,0.94,2.25,0.43,0.69,8.64
2/28/2002,1.81,0.32,3.81,2.55,0.75,2.23,0.34,0.54,7.94
3/31/2002,3.26,0.58,6.84,4.58,1.32,4.01,1.08,1.73,11.19
4/30/2002,5.34,0.95,19.65,13.16,6.92,11.51,1.84,2.95,4.27
5/31/2002,3.22,0.58,21.61,14.47,9.69,12.66,2.69,4.32,1.12
6/30/2002,0.69,0.12,9.25,6.19,4.11,5.42,2.26,3.63,0.22
7/31/2002,0.08,0.01,1.26,0.84,0,0.74,0.94,1.51,0.05
8/31/2002,0.02,0,0.4,0.27,0,0.23,0.18,0.29,0.05
9/30/2002,0.02,0,0.36,0.24,0,0.21,0.09,0.14,0.05
10/31/2002,0.02,0,0.23,0.15,0,0.13,0.04,0.06,0
11/30/2002,0.32,0.06,1.51,1.01,0.84,0.88,0.26,0.53,1.29
12/31/2002,0.59,0.11,1.67,1.12,0.68,0.98,0.23,0.46,6.06
1/31/2003,1.64,0.29,4.01,2.68,1.1,2.35,0.34,0.69,9.68
2/28/2003,1.78,0.32,3.59,2.4,0.88,2.1,0.26,0.53,6.39
3/31/2003,3.51,0.63,7.1,4.75,2.15,4.16,0.45,0.91,10.66
4/30/2003,3.91,0.7,10.68,7.15,2.78,6.26,0.69,1.41,9.89
5/31/2003,6.54,1.17,29.57,19.8,12.85,17.33,2.46,5.03,3.84
6/30/2003,1.74,0.31,18.45,12.35,8.87,10.81,2.54,5.18,0.41
7/31/2003,0.12,0.02,2.47,1.65,0.15,1.45,0.53,1.08,0.07
8/31/2003,0.07,0.01,1.57,1.05,0,0.92,0.3,0.62,0.1
9/30/2003,0.05,0.01,0.98,0.66,0,0.57,0.16,0.34,0.04
10/31/2003,0.02,0,0.28,0.19,0,0.16,0.05,0.1,0
11/30/2003,0.07,0.01,0.46,0.31,0.05,0.27,0.09,0.19,0.72
12/31/2003,0.56,0.1,1.93,1.29,0.65,1.13,0.31,0.61,3.37
1/31/2004,0.71,0.13,1.96,1.31,0.5,1.15,0.21,0.41,5.38
2/29/2004,1.34,0.24,2.86,1.91,0.7,1.68,0.25,0.49,3.55
3/31/2004,4.91,0.88,12.59,8.43,4.01,7.38,0.93,1.86,5.93
4/30/2004,3.49,0.62,16.12,10.79,7.06,9.44,1.47,2.94,5.5
5/31/2004,1.95,0.35,15.67,10.49,7.31,9.18,2.01,4.01,2.14
6/30/2004,0.33,0.06,4.55,3.05,1.81,2.67,0.96,1.92,0.23
7/31/2004,0.07,0.01,1.62,1.08,0,0.95,0.42,0.83,0.04
8/31/2004,0.04,0.01,0.73,0.49,0,0.43,0.18,0.36,0.06
9/30/2004,0.01,0,0.24,0.16,0,0.14,0.05,0.09,0.02
10/31/2004,0.12,0.02,0.93,0.62,0.18,0.54,0.15,0.31,0
11/30/2004,0.29,0.05,1.3,0.87,0.36,0.76,0.16,0.33,1.13
12/31/2004,0.4,0.07,1.58,1.06,0.54,0.93,0.19,0.41,3.94
1/31/2005,1.23,0.22,3.14,2.1,0.9,1.84,0.29,0.6,10.74
2/28/2005,2.02,0.36,4.68,3.13,0.72,2.74,0.32,0.67,10.82
3/31/2005,5.16,0.92,9.75,6.53,1.78,5.71,0.56,1.17,23.46
4/30/2005,7.71,1.38,16.79,11.24,3.43,9.84,0.87,1.81,16.13
5/31/2005,13.09,2.34,50.78,34,17.29,29.75,3.42,7.16,9.31
6/30/2005,3.56,0.64,32.52,21.77,11.6,19.05,3.14,6.58,1.08
7/31/2005,0.49,0.09,7.89,5.28,2.49,4.62,1.4,2.93,0.2
8/31/2005,0.1,0.02,1.98,1.33,0,1.16,0.35,0.73,0.12
9/30/2005,0.06,0.01,1.09,0.73,0,0.64,0.15,0.32,0.13
10/31/2005,0.09,0.02,0.82,0.55,0,0.48,0.1,0.21,0.22
11/30/2005,0.19,0.03,1.17,0.78,0.15,0.69,0.16,0.34,0.57
12/31/2005,7.5,1.34,17.31,11.59,5.02,10.14,1.35,2.86,36.36
1/31/2006,8.65,1.55,16.21,10.85,2.58,9.5,0.79,1.69,31.87
2/28/2006,6.66,1.19,14.2,9.51,2.14,8.32,0.66,1.4,23.94
3/31/2006,4.79,0.86,13.67,9.15,1.99,8.01,0.67,1.42,26.86
4/30/2006,8.18,1.46,30.08,20.14,4.89,17.62,1.56,3.31,16.51
5/31/2006,9.63,1.72,52.65,35.25,18.54,30.85,3.66,7.79,3.57
6/30/2006,2.46,0.44,27.75,18.58,13.94,16.26,3.15,6.71,0.7
7/31/2006,0.38,0.07,7.06,4.73,1.74,4.14,1.2,2.56,0.24
8/31/2006,0.15,0.03,2.84,1.9,0,1.66,0.44,0.93,0.21
9/30/2006,0.05,0.01,0.92,0.62,0,0.54,0.12,0.25,0.15
10/31/2006,0.06,0.01,0.63,0.42,0,0.37,0.12,0.23,0
11/30/2006,0.43,0.08,1.87,1.25,0.38,1.1,0.28,0.56,0.63
12/31/2006,0.79,0.14,2.34,1.57,0.44,1.37,0.24,0.48,2.09
1/31/2007,0.98,0.18,2.48,1.66,0.28,1.45,0.2,0.41,2.15
2/28/2007,1.64,0.29,3.77,2.52,1.07,2.21,0.3,0.59,6.7
3/31/2007,2.91,0.52,9.05,6.06,2.68,5.3,0.73,1.43,4.66
4/30/2007,2.34,0.42,12.36,8.27,5.23,7.24,1.23,2.43,1.05
5/31/2007,1.59,0.28,13.94,9.33,6.06,8.17,1.9,3.76,0.35
6/30/2007,0.24,0.04,4.18,2.8,0.53,2.45,0.8,1.59,0.06
7/31/2007,0.06,0.01,1.88,1.26,0,1.1,0.41,0.81,0.01
8/31/2007,0.03,0,0.6,0.4,0,0.35,0.15,0.3,0
9/30/2007,0.02,0,0.37,0.25,0,0.22,0.07,0.14,0.03
10/31/2007,0.07,0.01,0.67,0.45,0,0.39,0.13,0.26,0
11/30/2007,0.1,0.02,0.64,0.43,0,0.37,0.09,0.18,0.52
12/31/2007,0.17,0.03,0.73,0.49,0.1,0.43,0.12,0.24,1.72
1/31/2008,0.45,0.08,1.26,0.84,0.4,0.74,0.17,0.34,1.77
2/29/2008,0.72,0.13,1.78,1.19,0.5,1.04,0.18,0.35,5.52
3/31/2008,2.12,0.38,5.28,3.53,0.99,3.09,0.41,0.81,3.84
4/30/2008,3.7,0.66,11.43,7.65,4.36,6.7,0.96,1.9,0.87
5/31/2008,2.89,0.52,20.08,13.44,9.47,11.76,2.37,4.68,0.29
6/30/2008,0.44,0.08,6.42,4.3,3,3.76,1.27,2.51,0.05
7/31/2008,0.06,0.01,1.52,1.02,0,0.89,0.41,0.82,0.01
8/31/2008,0.02,0,0.16,0.11,0,0.09,0.15,0.29,0
9/30/2008,0.02,0,0.27,0.18,0,0.16,0.11,0.22,0.02
10/31/2008,0.06,0.01,0.67,0.45,0,0.39,0.1,0.2,0
11/30/2008,0.34,0.06,1.33,0.89,0.71,0.78,0.23,0.47,0.85
12/31/2008,0.29,0.05,0.87,0.58,0.28,0.51,0.12,0.25,0.75
1/31/2009,1.13,0.2,3,2.01,0.99,1.76,0.29,0.59,3.07
2/28/2009,1.92,0.34,3.85,2.58,0.97,2.26,0.28,0.58,8.67
3/31/2009,4.75,0.85,10.16,6.8,2.11,5.95,0.62,1.27,16.42
4/30/2009,5.41,0.97,15.88,10.63,5.89,9.3,1.13,2.3,5.37
5/31/2009,5.04,0.9,32.78,21.95,14.19,19.21,3.23,6.57,2.21
6/30/2009,0.61,0.11,8.19,5.48,3.34,4.8,1.34,2.73,0.15
7/31/2009,0.1,0.02,2.27,1.52,0,1.33,0.49,0.99,0.07
8/31/2009,0.06,0.01,1.23,0.82,0,0.72,0.24,0.49,0.03
9/30/2009,0.02,0,0.44,0.29,0,0.26,0.07,0.14,0.04
10/31/2009,0.23,0.04,1.04,0.7,0.82,0.61,0.22,0.45,0.35
11/30/2009,0.14,0.02,0.68,0.46,0,0.4,0.08,0.16,0.24
12/31/2009,0.28,0.05,0.99,0.66,0.33,0.58,0.14,0.29,1.21
1/31/2010,0.81,0.14,1.98,1.33,0.66,1.16,0.21,0.43,4.55
2/28/2010,1.07,0.19,2.46,1.65,0.59,1.44,0.21,0.43,6.01
3/31/2010,2.72,0.49,5.13,3.43,1.46,3.01,0.37,0.75,10.13
4/30/2010,5.74,1.03,12.06,8.07,3.46,7.07,0.73,1.5,15.11
5/31/2010,6.79,1.21,24.54,16.43,8.22,14.38,1.73,3.55,5.99
6/30/2010,4.77,0.85,34,22.76,14.81,19.92,3.54,7.27,1.52
7/31/2010,0.35,0.06,5.95,3.98,1.39,3.49,1.11,2.27,0.13
8/31/2010,0.08,0.01,1.84,1.23,0,1.08,0.35,0.72,0.06
9/30/2010,0.04,0.01,0.66,0.44,0,0.39,0.11,0.22,0.07
10/31/2010,0.83,0.15,3.57,2.39,1.67,2.09,0.5,1.06,2.45
11/30/2010,0.91,0.16,2.59,1.73,1.02,1.52,0.3,0.64,2.96
12/31/2010,5.26,0.94,11.46,7.67,2.31,6.71,0.75,1.61,30.25
1/31/2011,4.04,0.72,7.36,4.93,1.27,4.31,0.4,0.86,14.23
2/28/2011,3.31,0.59,5.79,3.88,1.08,3.39,0.28,0.6,11.22
3/31/2011,6.68,1.19,13.19,8.83,1.48,7.73,0.59,1.26,42.61
4/30/2011,10.88,1.95,28.8,19.28,4.97,16.87,1.37,2.92,14
5/31/2011,10.05,1.8,42.53,28.47,9.84,24.92,2.4,5.12,4.31
6/30/2011,8.29,1.48,54.11,36.22,18.95,31.7,4.11,8.77,2.68
7/31/2011,1.82,0.32,24.1,16.13,8.48,14.12,2.89,6.16,0.58
8/31/2011,0.22,0.04,4.42,2.96,0.2,2.59,0.69,1.48,0.18
9/30/2011,0.13,0.02,2.14,1.43,0,1.25,0.3,0.64,0.28
10/31/2011,0.39,0.07,2.02,1.35,0.25,1.18,0.35,0.7,0.55
11/30/2011,0.35,0.06,1.12,0.75,0,0.66,0.26,0.41,0.67
12/31/2011,0.23,0.04,0.8,0.54,0,0.47,0.12,0.19,6.82
1/31/2012,1.11,0.2,2.34,1.57,0.66,1.37,0.41,0.66,3.21
2/29/2012,0.93,0.17,1.86,1.25,0.61,1.09,0.35,0.57,2.53
3/31/2012,2.64,0.47,6.16,4.12,1.27,3.61,0.55,0.88,9.61
4/30/2012,4.68,0.84,20.08,13.44,7.02,11.76,1.66,2.66,3.16
5/31/2012,2.13,0.38,17.88,11.97,6.76,10.48,3.24,5.2,0.97
6/30/2012,0.28,0.05,4.81,3.22,0.88,2.82,1.31,2.1,0.61
7/31/2012,0.05,0.01,1.3,0.87,0,0.76,0.36,0.58,0.13
8/31/2012,0.02,0,0.5,0.33,0,0.29,0.08,0.13,0.04
9/30/2012,0.02,0,0.37,0.25,0,0.22,0.05,0.08,0.06
10/31/2012,0.07,0.01,0.68,0.46,0,0.4,0.11,0.17,0.57
11/30/2012,0.71,0.13,2.5,1.67,0.51,1.46,0.6,0.97,3.18
12/31/2012,4.87,0.87,10.24,6.86,3.66,6,1.39,2.23,17.85
1/31/2013,1.52,0.27,4.16,2.78,0.77,2.44,0.41,0.66,3.57
2/28/2013,1.03,0.18,3.59,2.4,0.62,2.1,0.25,0.4,1.39
3/31/2013,2.28,0.41,8.39,5.62,2.49,4.92,0.72,1.15,1.66
4/30/2013,2.49,0.45,14.58,9.76,6.69,8.54,1.77,2.84,0.78
5/31/2013,1.34,0.24,12.66,8.48,5.86,7.42,2.7,4.34,0.2
6/30/2013,0.27,0.05,3.7,2.48,0.96,2.17,1.79,2.87,0.08
7/31/2013,0.05,0.01,1.04,0.7,0,0.61,0.39,0.62,0.03
8/31/2013,0.02,0,0.45,0.3,0,0.26,0,0,0.03
9/30/2013,0.02,0,0.33,0.22,0,0.19,0.03,0.05,0.05
10/31/2013,0.02,0,0.33,0.22,0,0.19,0.02,0.03,0
11/30/2013,0.05,0.01,0.49,0.33,0,0.29,0.05,0.07,0.03
12/31/2013,0.07,0.01,0.61,0.41,0,0.36,0.09,0.14,0.1
1/31/2014,0.16,0.03,0.64,0.43,0.07,0.37,0.23,0.36,0.13
2/28/2014,1.14,0.2,3.45,2.31,0.53,2.02,0.61,0.99,2.78
3/31/2014,1.78,0.32,5.66,3.79,1.73,3.32,0.72,1.16,2.35
4/30/2014,1.93,0.35,10.11,6.77,4.94,5.92,1.69,2.72,0.6
5/31/2014,1.04,0.19,10.61,7.1,4.74,6.22,2.45,3.94,0.11
6/30/2014,0.13,0.02,2.55,1.71,0.33,1.49,0.98,1.57,0.01
7/31/2014,0.02,0,0.48,0.32,0,0.28,0.26,0.41,0
8/31/2014,0.01,0,0.32,0.21,0,0.19,0.04,0.06,0
9/30/2014,0.01,0,0.28,0.19,0,0.16,0,0,0.02
10/31/2014,0.02,0,0.29,0.19,0,0.17,0.08,0.13,0.02
11/30/2014,0.13,0.02,0.65,0.44,0,0.38,0.54,0.87,0.14
12/31/2014,0.74,0.13,2.32,1.55,0.99,1.36,0.75,1.21,1.85
1/31/2015,0.45,0.08,1.46,0.98,0.46,0.86,0.23,0.37,0.55
2/28/2015,1.77,0.32,7.85,5.26,3.37,4.6,1.03,1.66,1.1
3/31/2015,0.43,0.08,3.76,2.52,1.69,2.2,0.78,1.25,0.07
4/30/2015,0.46,0.08,3.82,2.56,2.06,2.24,0.88,1.41,0.06
5/31/2015,0.3,0.05,5.07,3.39,2.77,2.97,1.16,1.87,0.03
6/30/2015,0.08,0.01,1.99,1.33,0.43,1.17,0.54,0.87,0.01
7/31/2015,0.02,0,0.82,0.55,0.03,0.48,0.13,0.21,0
8/31/2015,0.01,0,0.22,0.15,0,0.13,0,0,0.01
9/30/2015,0.01,0,0.26,0.17,0,0.15,0,0,0
10/31/2015,0.05,0.01,0.48,0.32,0,0.28,0.08,0.12,0.04
11/30/2015,0.22,0.04,0.81,0.54,0.35,0.47,0.46,0.74,0.28
12/31/2015,0.72,0.13,2.02,1.35,0.75,1.18,0.67,1.08,4.78
1/31/2016,2.21,0.4,4.44,2.97,1.23,2.6,1.1,1.77,16.05
2/29/2016,4.02,0.72,7.81,5.23,1.67,4.58,0.62,0.99,11.92
3/31/2016,8.31,1.49,21.26,14.23,4.03,12.46,1.22,1.96,21.38
4/30/2016,5.86,1.05,25.98,17.39,8.07,15.22,1.81,2.91,1.75
5/31/2016,3.83,0.68,26.63,17.83,10.67,15.6,3.5,5.63,0.8
6/30/2016,0.9,0.16,11.55,7.73,5.15,6.77,2.87,4.61,0.22
7/31/2016,0.1,0.02,1.41,0.94,0,0.83,0.66,1.06,0.14
8/31/2016,0.03,0,0.51,0.34,0,0.3,0.02,0.03,0.01
9/30/2016,0.02,0,0.31,0.21,0,0.18,0.02,0.02,0.03
10/31/2016,1.53,0.27,4.21,2.82,3.67,2.47,2.22,3.57,4.07
11/30/2016,1.31,0.23,3,2.01,1.03,1.76,0.48,0.78,4.61
12/31/2016,6.58,1.18,12.89,8.63,3.76,7.55,1.53,2.45,28.15
1/31/2017,15.09,2.7,26.09,17.47,4.98,15.29,1.98,3.18,75.01
2/28/2017,16.48,2.95,39.75,26.61,5.23,23.29,1.89,3.04,73.29
3/31/2017,9.2,1.65,28.78,19.27,3.72,16.86,0.82,1.31,9.12
4/30/2017,6.8,1.22,39.5,26.44,6.46,23.14,1.39,2.24,4.61
5/31/2017,10.14,1.81,57.54,38.52,18.72,33.71,5.12,8.23,2.74
6/30/2017,3.44,0.61,36.76,24.61,17.1,21.54,7.03,11.29,0.94
7/31/2017,0.59,0.11,8.47,5.67,3.52,4.96,3.47,5.57,0.34
8/31/2017,0.16,0.03,1.8,1.21,0,1.05,1.03,1.66,0.25
9/30/2017,0.11,0.02,1.4,0.94,0,0.82,0.45,0.73,0.31
10/31/2017,0.11,0.02,1.05,0.7,0,0.62,0.17,0.27,0.17
11/30/2017,2.83,0.51,6.13,4.1,2.75,3.59,1.77,2.84,5.89
12/31/2017,1.42,0.25,2.76,1.85,0.47,1.62,0.19,0.31,2.7
1/31/2018,2.97,0.53,5.29,3.54,1.92,3.1,0.62,1,9.01
2/28/2018,1.54,0.28,3.13,2.1,0.7,1.83,0.26,0.41,4.03
3/31/2018,4.66,0.83,13.33,8.92,2.82,7.81,1.02,1.64,22.27
4/30/2018,6.21,1.11,31.48,21.07,9.07,18.44,2.88,4.63,5.49
5/31/2018,1.79,0.32,17.99,12.04,7.64,10.54,2.64,4.25,0.51
6/30/2018,0.38,0.07,5.92,3.96,1.7,3.47,1.35,2.18,0.13
7/31/2018,0.08,0.01,1.39,0.93,0,0.81,0.48,0.78,0.06
8/31/2018,0.03,0,0.56,0.37,0,0.33,0.03,0.05,0.07
9/30/2018,0.02,0,0.46,0.31,0,0.27,0.08,0.13,0.1
10/31/2018,0.07,0.01,0.67,0.45,0,0.39,0.07,0.11,0.14
11/30/2018,0.16,0.03,1.06,0.71,0.12,0.62,0.15,0.24,0.62
12/31/2018,0.34,0.06,1.36,0.91,0.14,0.8,0.36,0.58,1.77
1/31/2019,1.03,0.18,3.45,2.31,0.36,2.02,0.45,0.72,11.9
2/28/2019,4.76,0.85,10.08,6.75,2.05,5.91,0.92,1.48,33.78
3/31/2019,6.58,1.18,13.62,9.12,1.08,7.98,0.27,0.43,36.62
4/30/2019,14.93,2.67,36.77,24.62,8.11,21.54,2.3,3.7,14.56
5/31/2019,8.47,1.52,42.33,28.34,11.59,24.8,3.03,4.88,3.25
6/30/2019,5.07,0.91,40.22,26.93,16.34,23.56,6.12,9.84,1.43
7/31/2019,0.6,0.11,8.87,5.94,3.15,5.2,2.51,4.03,0.22
8/31/2019,0.11,0.02,1.64,1.1,0,0.96,0.56,0.9,0.13
9/30/2019,0.06,0.01,1.07,0.72,0,0.63,0.07,0.11,0.24
10/31/2019,0.08,0.01,0.82,0.55,0,0.48,0.1,0.16,0.03
11/30/2019,0.12,0.02,0.79,0.53,0,0.46,0.04,0.06,0.28
12/31/2019,0.76,0.14,2.78,1.86,0.28,1.63,0.29,0.47,3.38
1/31/2020,0.87,0.16,2.27,1.52,0.13,1.33,0.25,0.4,2.97
2/29/2020,1.03,0.18,2.44,1.63,0.44,1.43,0.23,0.37,2.27
3/31/2020,1.63,0.29,3.68,2.46,1.26,2.16,0.36,0.58,4.43
4/30/2020,4.13,0.74,14.59,9.77,5.83,8.55,1.62,2.61,6.52
5/31/2020,2.56,0.46,19.31,12.93,8.43,11.31,2.84,4.56,0.74
6/30/2020,0.35,0.06,5.67,3.8,1.47,3.32,1.26,2.03,0.1
7/31/2020,0.05,0.01,1.18,0.79,0,0.69,0.36,0.58,0.03
8/31/2020,0.02,0,0.45,0.3,0,0.26,0.02,0.03,0.03
9/30/2020,0.01,0,0.29,0.19,0,0.17,0,0,0.02
10/31/2020,0.01,0,0.34,0.23,0,0.2,0.02,0.03,0
11/30/2020,0.06,0.01,0.58,0.39,0,0.34,0.12,0.2,0
12/31/2020,0.11,0.02,0.67,0.45,0,0.39,0.15,0.24,0
1/31/2021,0.18,0.03,0.79,0.53,0.17,0.46,0.21,0.34,0
2/28/2021,0.43,0.08,1.55,1.04,0.11,0.91,0.28,0.44,0.01
3/31/2021,0.72,0.13,2.8,1.87,0.51,1.64,0.32,0.52,0.01
4/30/2021,1.68,0.3,10.04,6.72,4.87,5.88,1.5,2.4,0
5/31/2021,0.73,0.13,9.14,6.12,4.46,5.36,2.09,3.36,0
6/30/2021,0.07,0.01,1.83,1.23,0,1.07,0.63,1.01,0
7/31/2021,0.01,0,0.56,0.37,0,0.33,0.04,0.06,0
8/31/2021,0.01,0,0.29,0.19,0,0.17,0,0,0
9/30/2021,0.01,0,0.26,0.17,0,0.15,0,0,0
