,I_MFM008,I_SFM005,I_COL003,I_SLTSP,I_UBEAR,I_NFM010
9/30/1921,,,,,,
10/31/1921,0.2,0.2,0.11,1.08,0.24,0.15
11/30/1921,0.28,0.28,0.1,1.05,0.23,0.15
12/31/1921,1.59,1.78,0.55,4.26,0.94,0.13
1/31/1922,2.05,2.54,1.28,7.7,1.7,2.66
2/28/1922,7.45,9.58,3.1,16.85,3.72,12.05
3/31/1922,7.69,9.93,2.28,14.75,3.26,12.85
4/30/1922,12.04,15.14,4.59,31.47,6.94,22.94
5/31/1922,18.4,20.98,22.43,147.47,32.57,64.67
6/30/1922,5.56,5.64,21.32,154.35,34.06,42.85
7/31/1922,0.97,1.01,1.69,23.85,5.26,1.9
8/31/1922,0.34,0.35,0.04,1.51,0.33,0
9/30/1922,0.18,0.18,0.01,0.46,0.1,0
10/31/1922,0.31,0.31,0.16,1.73,0.38,0.16
11/30/1922,0.87,0.96,0.63,4.78,1.05,0
12/31/1922,6.16,7.79,3.45,19.71,4.35,11.41
1/31/1923,4.02,5.19,2.21,14.62,3.23,11.23
2/28/1923,3.82,4.91,1.51,10.41,2.29,7.11
3/31/1923,4.33,5.4,2.2,15.65,3.46,9.74
4/30/1923,12.14,14.36,7.51,50.21,11.09,23.61
5/31/1923,5.52,5.75,18.62,127.54,28.15,33.3
6/30/1923,1.92,1.94,8.14,63.46,14,14.51
7/31/1923,0.59,0.61,1.43,19.34,4.27,1.08
8/31/1923,0.25,0.25,0.02,0.86,0.19,0
9/30/1923,0.24,0.24,0.06,2.15,0.47,0
10/31/1923,0.39,0.42,0.71,5.48,1.21,0
11/30/1923,0.36,0.43,0.43,2.79,0.62,0
12/31/1923,0.55,0.66,0.42,2.41,0.53,0
1/31/1924,0.82,0.98,0.51,3.78,0.84,0
2/29/1924,1.27,1.45,1.08,8.22,1.81,0
3/31/1924,0.64,0.7,1.42,11.19,2.47,0
4/30/1924,1,0.98,5.74,42.68,9.42,0
5/31/1924,0.29,0.28,7.02,60.67,13.39,0
6/30/1924,0.06,0.05,0,0,0,0
7/31/1924,0.01,0.01,0.54,8.09,1.78,0
8/31/1924,0.01,0.01,0.01,0.35,0.08,0
9/30/1924,0.02,0.02,0.02,0.9,0.2,0
10/31/1924,0.3,0.3,0.3,3.12,0.69,0.21
11/30/1924,0.73,0.79,1.39,8.95,1.97,1.88
12/31/1924,1.44,1.74,1.53,8.78,1.94,4.83
1/31/1925,1.17,1.46,1.52,7.85,1.73,6.43
2/28/1925,11.82,15.22,4.62,30.63,6.76,24.17
3/31/1925,5.2,6.5,4.36,30.33,6.7,20.1
4/30/1925,12.19,14.4,10.88,70.73,15.62,32.08
5/31/1925,6.34,6.57,19.37,132.93,29.34,36.82
6/30/1925,1.86,1.91,8.93,72.59,16.01,17.71
7/31/1925,0.42,0.44,0.84,12.12,2.67,0.78
8/31/1925,0.13,0.13,0.04,1.26,0.28,0
9/30/1925,0.14,0.14,0.05,1.85,0.41,0
10/31/1925,0.31,0.31,0.23,2.39,0.53,0
11/30/1925,0.49,0.57,0.45,3.21,0.71,0
12/31/1925,0.58,0.72,1.14,7.04,1.55,2.12
1/31/1926,0.93,1.16,0.95,5.66,1.25,3.17
2/28/1926,4.01,5.09,1.94,13.94,3.07,6.78
3/31/1926,2.31,2.83,3.03,22.7,5.02,8.9
4/30/1926,6.52,7.33,11.25,80.56,17.78,10.95
5/31/1926,1.26,1.24,8,64.48,14.23,4.45
6/30/1926,0.27,0.28,0.76,11.94,2.63,0
7/31/1926,0.04,0.04,0,0,0,0
8/31/1926,0.03,0.03,0.02,0.7,0.15,0
9/30/1926,0.03,0.03,0.03,1.02,0.22,0
10/31/1926,0.17,0.18,0.1,1.06,0.23,0.15
11/30/1926,3.39,3.96,1.72,11.8,2.6,2.31
12/31/1926,1.85,2.32,2.42,13.42,2.96,8.53
1/31/1927,2.63,3.4,2.19,13.12,2.9,11.69
2/28/1927,11.63,15.03,4.44,29.82,6.57,22.55
3/31/1927,8.14,10.17,3.96,27.4,6.06,18.18
4/30/1927,14.61,17,9.73,62.9,13.89,28.93
5/31/1927,6.55,6.78,16.38,110.14,24.31,33.15
6/30/1927,2.12,2.19,13.88,105.2,23.21,28.22
7/31/1927,0.65,0.67,1.37,19.37,4.27,1.48
8/31/1927,0.24,0.24,0.05,1.71,0.38,0
9/30/1927,0.2,0.2,0.03,0.86,0.19,0
10/31/1927,0.63,0.64,0.15,4.19,0.92,0.01
11/30/1927,1.28,1.51,1.79,13.67,3.02,4.76
12/31/1927,1.18,1.48,0.86,6.34,1.4,4.6
1/31/1928,1.3,1.64,0.74,8.24,1.82,6.11
2/29/1928,2.82,3.65,0.63,10.91,2.41,6.81
3/31/1928,14.23,17.94,12.78,74.15,16.38,35.56
4/30/1928,10.4,11.71,10.01,63.86,14.09,15.74
5/31/1928,3.22,3.23,13.89,100.7,22.22,20.31
6/30/1928,0.88,0.92,1.12,18.45,4.07,0.64
7/31/1928,0.32,0.33,0.12,0.58,0.13,0
8/31/1928,0.09,0.1,0.06,1.91,0.42,0
9/30/1928,0.08,0.08,0.04,0.01,0,0
10/31/1928,0.16,0.16,0.07,0.78,0.17,0
11/30/1928,0.54,0.61,0.14,1.65,0.36,0
12/31/1928,0.82,1,0.48,2.37,0.52,0
1/31/1929,0.81,1.03,0.3,3.07,0.68,0.64
2/28/1929,1.83,2.32,0.33,5.47,1.21,1.66
3/31/1929,2.22,2.77,2.5,12.46,2.75,6.49
4/30/1929,4.36,5.15,5.36,28.93,6.39,11.12
5/31/1929,2.45,2.6,13.4,98.29,21.7,8.11
6/30/1929,1.23,1.2,4.65,44.42,9.8,0.79
7/31/1929,0.2,0.2,0.2,2.08,0.46,0
8/31/1929,0.06,0.06,0.08,1.23,0.27,0
9/30/1929,0.05,0.05,0.04,0,0,0
10/31/1929,0.09,0.09,0.03,0.73,0.16,0.01
11/30/1929,0.16,0.16,0.04,0.77,0.17,0
12/31/1929,0.57,0.65,1.37,10.26,2.26,1.72
1/31/1930,1.54,1.91,1.23,7.11,1.57,4.04
2/28/1930,2.05,2.63,1.94,11.56,2.55,7.46
3/31/1930,5.98,7.46,3.62,24.42,5.39,12.55
4/30/1930,4.75,5.41,9.06,60.07,13.27,17.86
5/31/1930,2.63,2.67,9.3,73.91,16.31,9.3
6/30/1930,0.68,0.71,4.39,53.94,11.9,5.57
7/31/1930,0.09,0.09,0.1,4.9,1.08,0
8/31/1930,0.04,0.04,0.02,0.83,0.18,0
9/30/1930,0.05,0.05,0.02,0.83,0.18,0
10/31/1930,0.13,0.12,0.02,1.55,0.34,0
11/30/1930,0.53,0.6,0.04,3.62,0.8,0
12/31/1930,0.33,0.39,0.14,1.94,0.43,0
1/31/1931,0.74,0.88,0.49,3.01,0.66,0.01
2/28/1931,1.02,1.18,0.56,7.27,1.6,0.06
3/31/1931,1.13,1.22,2.42,14.51,3.2,0.09
4/30/1931,0.65,0.63,7.75,52.02,11.49,0.05
5/31/1931,0.26,0.24,5.27,62.76,13.85,0
6/30/1931,0.13,0.12,0.91,11.47,2.53,0
7/31/1931,0.02,0.02,0.03,0,0,0
8/31/1931,0,0,0,0.53,0.12,0
9/30/1931,0.01,0.01,0,0.54,0.12,0
10/31/1931,0.05,0.05,0.01,0,0,0
11/30/1931,0.25,0.25,0.02,2.13,0.47,0.21
12/31/1931,3.06,3.68,0.06,7.41,1.63,0.35
1/31/1932,2.04,2.62,0.09,9.21,2.03,3.82
2/29/1932,6.57,8.46,0.35,18.94,4.18,13.01
3/31/1932,5.32,6.67,3.37,21.58,4.76,15.91
4/30/1932,6.49,7.79,8.34,39.4,8.71,26.05
5/31/1932,7.98,8.73,18.48,117.72,25.99,37.42
6/30/1932,2.43,2.44,13.97,114.53,25.27,27.65
7/31/1932,0.56,0.57,0.92,20.08,4.43,1.47
8/31/1932,0.14,0.14,0.02,2.52,0.56,0
9/30/1932,0.09,0.09,0.01,1.11,0.24,0
10/31/1932,0.14,0.13,0.01,0.14,0.03,0
11/30/1932,0.23,0.25,0.01,0.79,0.17,0
12/31/1932,0.37,0.43,0.01,1.97,0.43,0
1/31/1933,0.45,0.55,0.02,2.85,0.63,0
2/28/1933,0.92,1.15,0.02,4.1,0.9,1.01
3/31/1933,2.64,3.34,0.11,11.64,2.57,5.27
4/30/1933,2.93,3.61,4.73,25.08,5.53,14.02
5/31/1933,4.41,5.03,9.44,64.05,14.15,19.27
6/30/1933,2.1,2.12,12.21,112.74,24.88,12.53
7/31/1933,0.3,0.31,0.31,12.27,2.71,0
8/31/1933,0.17,0.18,0.01,3.11,0.69,0
9/30/1933,0.06,0.07,0.01,2.98,0.66,0
10/31/1933,0.2,0.3,0.05,3.92,0.86,0
11/30/1933,0.28,0.43,0.09,3.4,0.75,0.33
12/31/1933,1.41,2.11,0.48,9.39,2.07,2.91
1/31/1934,1.79,2.58,1.03,10.81,2.39,4.19
2/28/1934,2.52,3.29,1.34,12.55,2.77,3.96
3/31/1934,2.06,2.83,7.78,42.62,9.41,7.23
4/30/1934,0.83,1.09,7.4,58.68,12.95,0.75
5/31/1934,0.38,0.71,3.08,30.31,6.69,0.42
6/30/1934,0.22,0.4,1.42,16.64,3.67,0
7/31/1934,0.07,0.06,0.05,0.53,0.12,0
8/31/1934,0.02,0,0.01,0.08,0.02,0
9/30/1934,0.03,0.01,0.01,0.02,0,0
10/31/1934,0.09,0.15,0.04,0.17,0.04,0.01
11/30/1934,0.42,0.61,1.04,6.36,1.4,0.14
12/31/1934,0.5,0.79,1.01,5.38,1.19,2.11
1/31/1935,1.92,3.2,1.23,8.24,1.82,4.38
2/28/1935,2.37,3.47,1.11,11.22,2.48,8.78
3/31/1935,3.35,4.91,1.93,13.19,2.91,9.61
4/30/1935,18.19,24.4,12.92,59.26,13.09,34.26
5/31/1935,8.21,8.98,22.65,118.58,26.17,33.58
6/30/1935,2.26,2.36,12.42,88.02,19.42,18.58
7/31/1935,0.66,0.95,0.51,10.08,2.22,0
8/31/1935,0.15,0.38,0.02,0.69,0.15,0
9/30/1935,0.06,0.22,0.01,0.76,0.17,0
10/31/1935,0.3,0.51,0.03,1.76,0.39,0.22
11/30/1935,0.42,0.6,0.08,1.96,0.43,0.01
12/31/1935,0.52,0.72,0.1,2.35,0.52,0.12
1/31/1936,3.75,4.95,4.09,12.43,2.74,5.79
2/29/1936,18.86,28.84,4.87,34.84,7.69,27.68
3/31/1936,9.88,12.88,4.3,32.34,7.14,22.19
4/30/1936,10.59,13.42,14.42,77.39,17.09,38.02
5/31/1936,5.07,5.6,21.88,130.85,28.88,37.97
6/30/1936,2.65,3.41,11.62,78.01,17.21,20.23
7/31/1936,0.85,1.35,0.64,13.01,2.87,1.05
8/31/1936,0.28,0.73,0.03,2.72,0.6,0
9/30/1936,0.23,0.62,0.01,1.06,0.23,0
10/31/1936,0.3,0.66,0.01,1.49,0.33,0.11
11/30/1936,0.33,0.6,0.01,1.59,0.35,0
12/31/1936,0.66,0.95,0.04,3.58,0.79,0.03
1/31/1937,0.71,0.83,0.03,2.87,0.63,0.57
2/28/1937,8.77,14,0.28,18.4,4.06,9.91
3/31/1937,9.24,13.45,1.4,21.7,4.79,14.83
4/30/1937,12.09,15.58,7.15,43.71,9.66,25.95
5/31/1937,10.45,11.46,24.23,147.26,32.5,39.41
6/30/1937,2.74,3.34,8.11,67.85,14.97,13.29
7/31/1937,0.93,1.56,0.3,9.39,2.07,0.16
8/31/1937,0.32,0.9,0.02,1.64,0.36,0
9/30/1937,0.27,0.55,0.01,0.92,0.2,0
10/31/1937,0.39,0.71,0.02,1.41,0.31,0.23
11/30/1937,0.7,0.87,0.23,2.78,0.61,0.25
12/31/1937,4.15,4.9,9.87,43.71,9.65,30.88
1/31/1938,2.31,3.2,1.15,7.91,1.75,6.97
2/28/1938,11.84,20.66,0.67,18.05,3.98,13.42
3/31/1938,24.61,35.48,2.15,41.64,9.2,28.86
4/30/1938,19.31,24.31,9.35,62.73,13.86,34.96
5/31/1938,19.8,21.96,25.55,152.24,33.6,57.28
6/30/1938,7.59,7.18,19.84,135.09,29.81,43.88
7/31/1938,2.42,2.95,1.94,27.64,6.1,3.95
8/31/1938,1.14,1.49,0.09,3.86,0.85,0
9/30/1938,0.65,1.12,0.03,1.71,0.38,0
10/31/1938,0.92,1.54,0.32,3.85,0.85,0
11/30/1938,1.1,1.61,0.93,5.97,1.32,1.08
12/31/1938,1.09,1.62,0.93,5.3,1.17,2.27
1/31/1939,1.21,1.82,0.51,4.97,1.1,2.46
2/28/1939,1.73,2.03,0.5,5.95,1.31,2.51
3/31/1939,3.5,4.14,3.67,24.95,5.51,9.14
4/30/1939,3.71,4.11,10.12,81.84,18.07,8.16
5/31/1939,1.52,1.79,5.43,54.14,11.95,2.16
6/30/1939,0.68,0.87,0.8,12.37,2.73,0
7/31/1939,0.23,0.46,0.08,1.34,0.3,0
8/31/1939,0.09,0.35,0.01,0.41,0.09,0
9/30/1939,0.11,0.32,0.01,1.41,0.31,0
10/31/1939,0.35,0.72,0.37,4.31,0.95,0.23
11/30/1939,0.26,0.69,0.08,1.81,0.4,0.08
12/31/1939,0.38,0.77,0.45,4.26,0.94,0.74
1/31/1940,6.13,10.63,5,25.12,5.55,18.27
2/29/1940,12.26,16.91,2.66,26.06,5.75,19.17
3/31/1940,17.16,20.96,8.8,51.83,11.46,31.8
4/30/1940,13.14,13.77,11.35,74.4,16.42,28.26
5/31/1940,2.98,3.86,20.13,133.2,29.4,35.25
6/30/1940,1.21,1.96,5.68,51.45,11.35,10.59
7/31/1940,0.74,1.11,0.15,4.67,1.03,0
8/31/1940,0.35,0.71,0.02,1.4,0.31,0
9/30/1940,0.31,0.68,0.01,0.86,0.19,0
10/31/1940,1.02,0.76,0.01,1,0.22,0.11
11/30/1940,0.93,0.84,0.12,2.7,0.59,0.06
12/31/1940,3.11,4.19,1.65,11.46,2.53,3.34
1/31/1941,4.85,5.6,0.98,12.2,2.69,7.64
2/28/1941,8.14,13.75,2.75,17.97,3.97,14.96
3/31/1941,11.88,16.23,4.25,26.99,5.95,19.03
4/30/1941,10.35,14.13,6.4,36.11,7.98,21.88
5/31/1941,8.56,8.69,25.34,145.67,32.15,47.05
6/30/1941,2.65,3.21,12.85,92.26,20.36,23.89
7/31/1941,1.7,1.62,1.35,20.19,4.45,1.69
8/31/1941,0.37,0.94,0.06,2.29,0.5,0
9/30/1941,0.46,0.82,0.01,1.4,0.31,0
10/31/1941,0.43,0.84,0.02,1.77,0.39,0.24
11/30/1941,0.76,0.93,0.67,5.25,1.16,0.26
12/31/1941,3.21,3.62,4.33,24.39,5.38,14.65
1/31/1942,10.11,14.63,3.17,27.47,6.06,22.42
2/28/1942,11.86,14.03,1.78,20.17,4.45,14.21
3/31/1942,6.15,8.1,2.3,20.17,4.46,13.41
4/30/1942,12.81,16.93,9.01,58.64,12.95,29.64
5/31/1942,12.89,15.16,16.06,104.23,23.01,35.42
6/30/1942,6,6.08,20.24,126.21,27.85,37.15
7/31/1942,1.96,2.58,2.27,28.92,6.38,4.34
8/31/1942,1.04,1.4,0.03,3.91,0.86,0
9/30/1942,0.67,1.04,0.01,1.52,0.33,0
10/31/1942,0.65,0.92,0.11,1.13,0.25,0.17
11/30/1942,3.97,3.13,2.01,13.5,2.98,3.13
12/31/1942,3.55,4.18,3.25,17.57,3.88,12.73
1/31/1943,12.02,16.82,4.43,28.92,6.38,24.02
2/28/1943,9.89,11.55,3.14,21.74,4.8,15.61
3/31/1943,24.09,30.09,9.67,63.18,13.96,35.16
4/30/1943,10.38,11.38,13.15,86.02,18.99,31.65
5/31/1943,5.45,5.71,15.83,110.9,24.47,31.86
6/30/1943,2.85,3.18,7.54,60.99,13.46,16.13
7/31/1943,1.42,1.7,1.06,14.18,3.13,1.53
8/31/1943,0.97,0.97,0.09,3.37,0.74,0
9/30/1943,0.67,0.68,0.04,1.23,0.27,0
10/31/1943,2.08,0.84,0.01,1.99,0.44,0
11/30/1943,0.8,1.05,0.01,1.81,0.4,0
12/31/1943,1.08,1.29,0.12,3.81,0.84,0.31
1/31/1944,1.84,2.12,0.31,4.84,1.07,1.52
2/29/1944,2.74,3.59,0.46,8.25,1.82,4.27
3/31/1944,4.57,6.27,2.15,15.94,3.52,9.13
4/30/1944,4.17,5.14,4.62,27.55,6.09,13.14
5/31/1944,4.73,5.71,17.26,113.21,24.99,18.72
6/30/1944,1.95,1.94,5.77,51.22,11.3,5.09
7/31/1944,0.47,0.84,0.32,8.21,1.81,0
8/31/1944,0.26,0.54,0.02,1.65,0.36,0
9/30/1944,0.24,0.44,0.01,0,0,0
10/31/1944,0.52,0.68,0.2,0.54,0.12,0.07
11/30/1944,2.34,3.2,2.17,13.73,3.03,3.27
12/31/1944,2.13,2.85,2.18,12.11,2.67,8.35
1/31/1945,1.94,2.51,1.54,8.69,1.92,7.43
2/28/1945,11.92,18.49,4.91,32.61,7.19,22.87
3/31/1945,6.57,8.77,2.07,18.43,4.08,11.27
4/30/1945,7.6,9.53,9.7,52.09,11.5,22.98
5/31/1945,5.22,5.37,17.63,112.73,24.88,30.88
6/30/1945,2.38,2.53,10.45,84.57,18.66,19.92
7/31/1945,0.95,1.21,0.5,14.24,3.14,1.08
8/31/1945,0.36,0.76,0.01,3.12,0.69,0
9/30/1945,0.25,0.66,0.01,0.99,0.22,0
10/31/1945,0.55,1.14,0.73,4.04,0.89,0.13
11/30/1945,1.59,2.38,1.71,15.08,3.33,5.55
12/31/1945,10.19,13.05,3.5,23.98,5.29,18.55
1/31/1946,6.97,7.9,1.72,18.87,4.16,12.36
2/28/1946,3.54,4.45,1.37,11.26,2.49,6.81
3/31/1946,7.05,8.29,3.96,27.48,6.08,15.24
4/30/1946,8.32,9.44,12.66,72.33,15.97,25.44
5/31/1946,4.88,4.88,19.24,114.34,25.23,27.49
6/30/1946,1.75,2.19,5.06,46.44,10.24,8.47
7/31/1946,0.84,1.27,0.2,5.68,1.25,0
8/31/1946,0.41,0.74,0.02,0.76,0.17,0
9/30/1946,0.33,0.62,0.01,0.48,0.11,0
10/31/1946,1.68,0.92,0.02,1.87,0.41,0
11/30/1946,2.15,2.77,0.53,8.26,1.82,0.91
12/31/1946,1.84,2.61,1.19,7.31,1.61,3.5
1/31/1947,1.18,1.89,0.9,4.18,0.92,2.62
2/28/1947,2.62,3.64,1.64,11.4,2.51,5.83
3/31/1947,3.46,6.52,3.62,23.92,5.29,10.27
4/30/1947,2.97,4.4,8.14,52.01,11.48,10.11
5/31/1947,1.16,1.67,10.97,89.19,19.68,7.29
6/30/1947,0.56,1.17,1.48,20.51,4.52,0
7/31/1947,0.29,0.59,0.05,1.32,0.29,0
8/31/1947,0.16,0.45,0.01,0,0,0
9/30/1947,0.18,0.31,0.01,0.3,0.07,0
10/31/1947,1.37,1.03,1.24,6.85,1.51,0.19
11/30/1947,0.56,1.11,1.07,4.92,1.09,2.05
12/31/1947,0.46,0.97,0.51,3.38,0.75,1.6
1/31/1948,1.03,1.51,3.28,9.47,2.09,7.65
2/29/1948,1.16,1.5,1.16,4.64,1.02,3.89
3/31/1948,2.48,4.26,1.49,9.16,2.02,6.35
4/30/1948,9.07,12.28,4.85,37.89,8.37,22.45
5/31/1948,9.19,10.63,15.83,104.62,23.09,31.37
6/30/1948,4.28,4.44,16.52,105.27,23.23,21.79
7/31/1948,0.89,1.59,0.84,15.4,3.4,0.78
8/31/1948,0.45,0.9,0.03,2.5,0.55,0
9/30/1948,0.22,0.54,0.01,1.35,0.3,0
10/31/1948,0.29,0.68,0,0.94,0.21,0.02
11/30/1948,0.39,0.81,0.15,2.36,0.52,0
12/31/1948,0.77,1.49,0.13,3.48,0.77,0.04
1/31/1949,0.74,1.24,0.21,2.52,0.56,0.8
2/28/1949,1.34,2.25,0.3,2.51,0.55,0.93
3/31/1949,6.03,8.5,0.54,15,3.31,8.45
4/30/1949,7.12,9.66,10,64.27,14.19,30.59
5/31/1949,5.82,6.79,17.46,119.43,26.36,22.14
6/30/1949,1.8,2.23,5.21,48.75,10.76,5.75
7/31/1949,0.46,0.97,0.12,2.66,0.59,0
8/31/1949,0.28,0.59,0.01,2.02,0.44,0
9/30/1949,0.29,0.5,0,0.74,0.16,0
10/31/1949,0.26,0.62,0.01,0.6,0.13,0.06
11/30/1949,0.51,1.01,0.11,1.83,0.4,0.12
12/31/1949,0.52,0.92,0.08,2.22,0.49,0
1/31/1950,3.31,4.82,1.65,13.47,2.97,4.79
2/28/1950,7.01,9.16,2.25,17.75,3.92,13.55
3/31/1950,6.9,8.18,3.06,21.52,4.74,15.46
4/30/1950,12.5,15,10.96,68.29,15.09,35.57
5/31/1950,6.54,6.79,21.43,119.88,26.46,34.18
6/30/1950,2.73,2.47,12.62,83.91,18.51,19.53
7/31/1950,0.99,1.47,0.73,12.43,2.74,0.78
8/31/1950,0.28,0.68,0.02,1.7,0.37,0
9/30/1950,0.42,0.52,0.01,1.88,0.41,0
10/31/1950,0.96,1.26,0.27,4.19,0.92,0.43
11/30/1950,13.25,16.06,21.88,86.76,19.15,67.76
12/31/1950,22.63,25.88,16.77,98.41,21.74,54.37
1/31/1951,11.52,13.44,3.08,36.84,8.13,14.36
2/28/1951,9.54,10.49,2.81,36.95,8.16,10.92
3/31/1951,9.97,12.37,3.57,38.07,8.4,11.41
4/30/1951,6.36,7.19,9.62,58.88,13,18.59
5/31/1951,6.39,7.41,11.44,76.89,16.96,24.89
6/30/1951,2.36,3.02,2.52,31.94,7.05,5.61
7/31/1951,1.39,1.96,0.11,5.08,1.12,0
8/31/1951,0.98,1.19,0.01,1.04,0.23,0
9/30/1951,0.52,0.74,0.01,1.19,0.26,0
10/31/1951,0.93,1.24,0.01,0.72,0.16,0.12
11/30/1951,1.58,2.18,0.57,4.84,1.07,0.49
12/31/1951,6.94,8.71,0.86,17.78,3.92,6.41
1/31/1952,10.49,15.95,0.89,22.22,4.91,16.58
2/29/1952,13.53,15.36,1.39,23.69,5.23,20.3
3/31/1952,12.75,17.33,1.72,25.31,5.58,19.62
4/30/1952,23.05,26.36,11.23,76.47,16.9,50.69
5/31/1952,21.61,22.62,30.44,162.17,35.79,66.7
6/30/1952,8.96,7.72,23.4,132.08,29.15,45.27
7/31/1952,3.59,3.79,5.13,48.53,10.71,12.03
8/31/1952,1.57,2.22,0.2,7.83,1.73,0.5
9/30/1952,1.15,1.51,0.04,4.29,0.95,0
10/31/1952,0.73,1.45,0.01,2.69,0.59,0.09
11/30/1952,1.39,1.79,0.02,3.3,0.73,0
12/31/1952,3.21,3.3,0.09,6.67,1.47,1.82
1/31/1953,7.53,7.86,2.67,20.93,4.62,14.08
2/28/1953,3.4,3.62,1.59,9.78,2.16,7.04
3/31/1953,5.13,6.19,2.92,15.89,3.5,10.68
4/30/1953,6.59,9.15,10.96,54.2,11.98,26.89
5/31/1953,7.34,7.4,11.52,71.2,15.72,20.17
6/30/1953,4.81,4.59,15.71,102.7,22.66,22.8
7/31/1953,1.56,2.27,1.97,25.74,5.68,3.15
8/31/1953,1.01,1.17,0.06,4.15,0.92,0
9/30/1953,0.64,0.88,0.01,2.52,0.56,0
10/31/1953,1.76,1.03,0.01,1.67,0.37,0.03
11/30/1953,1.94,1.37,0.16,3.85,0.85,0
12/31/1953,1.21,1.66,0.7,3.92,0.86,1.08
1/31/1954,1.75,2.89,0.87,6.87,1.52,2.85
2/28/1954,3.27,5.23,2.48,9.6,2.12,7.26
3/31/1954,8.33,9.87,5.54,27.93,6.16,16.4
4/30/1954,9.79,11.07,11.88,76.45,16.88,23.92
5/31/1954,4.19,4.42,13.68,101.22,22.34,15.6
6/30/1954,1.92,2.31,2.04,25.92,5.72,2.11
7/31/1954,0.94,1.24,0.09,0,0,0
8/31/1954,0.48,0.81,0.01,3.43,0.76,0
9/30/1954,0.35,0.66,0,2.07,0.46,0
10/31/1954,0.61,0.8,0.01,0,0,0
11/30/1954,0.49,1.29,0.02,2.5,0.55,0
12/31/1954,2.58,3.24,0.69,7.7,1.7,1.07
1/31/1955,3.03,3.56,0.68,7.14,1.58,3.21
2/28/1955,3.31,3.67,0.83,7.92,1.75,4.85
3/31/1955,4.08,4.85,1.88,12.74,2.81,6.71
4/30/1955,4.55,5.99,5.06,26.92,5.95,12.18
5/31/1955,5.27,6.53,15.24,99.55,21.97,15.34
6/30/1955,1.91,1.92,6.07,60.93,13.44,5.26
7/31/1955,0.74,1.27,0.24,5.64,1.24,0
8/31/1955,0.42,0.71,0.01,1.22,0.27,0
9/30/1955,0.16,0.52,0.01,0.3,0.06,0
10/31/1955,0.28,0.74,0,0.52,0.12,0.09
11/30/1955,0.53,1.04,0.12,1.86,0.41,0.32
12/31/1955,23.89,28.57,16,67.49,14.89,51.15
1/31/1956,25.7,30.87,6.97,51.8,11.44,38.44
2/29/1956,10.39,11.56,2.72,24.88,5.5,14.53
3/31/1956,8.18,9.13,5.51,32.92,7.27,15.82
4/30/1956,7.69,8.91,10.25,51.39,11.34,24.85
5/31/1956,11.65,12.51,22.19,135.51,29.91,44.31
6/30/1956,3.84,3.61,16,106.8,23.56,34.45
7/31/1956,1.27,3.03,1.41,23.64,5.21,3.02
8/31/1956,1.09,1.59,0.04,2.82,0.62,0
9/30/1956,1.23,1.17,0.01,1.51,0.33,0
10/31/1956,1.15,1.59,0.11,3.41,0.75,0
11/30/1956,1.51,1.59,0.64,3.51,0.77,0.12
12/31/1956,1.43,1.7,0.71,4.16,0.92,1.6
1/31/1957,1.57,2.34,0.46,4.51,1,1.98
2/28/1957,5.4,6.94,4.66,15.66,3.46,12.42
3/31/1957,10.13,11.91,3.58,27.79,6.13,16.52
4/30/1957,4.65,5.16,7.69,40.14,8.87,17.66
5/31/1957,7.12,7.98,15.42,98.49,21.74,22.78
6/30/1957,3.05,3.42,9.65,80.95,17.86,13.85
7/31/1957,0.73,1.8,0.24,8.59,1.89,0
8/31/1957,0.49,1.22,0.03,0.75,0.17,0
9/30/1957,0.55,0.89,0.01,0.96,0.21,0
10/31/1957,0.93,1.28,0.02,1.89,0.42,0.27
11/30/1957,0.97,1.33,0.56,3.62,0.8,0.17
12/31/1957,1.88,2.24,1.25,6.32,1.4,1.34
1/31/1958,2.96,4.02,1.34,7.72,1.7,4.26
2/28/1958,11.19,15.28,2.78,22.5,4.97,18.2
3/31/1958,15.48,20.35,1.64,24.09,5.31,18.41
4/30/1958,23.27,32.17,7.03,50.72,11.21,35.7
5/31/1958,16.44,18.67,27.04,165.36,36.5,62.83
6/30/1958,6.27,6.09,19.48,114.63,25.29,35.02
7/31/1958,2.65,2.9,2.4,31.25,6.89,5.6
8/31/1958,0.98,1.91,0.1,7.05,1.55,0
9/30/1958,0.83,1.32,0.02,1.91,0.42,0
10/31/1958,1.06,1.2,0.01,2.92,0.64,0
11/30/1958,1.01,1.43,0.02,3.28,0.72,0
12/31/1958,0.88,1.33,0.02,2.34,0.52,0.57
1/31/1959,2.8,3.3,2.23,11.67,2.58,5.56
2/28/1959,4.85,6.94,7.66,8.09,1.78,6.34
3/31/1959,4.33,5.09,4.38,22.91,5.06,9.59
4/30/1959,2.68,3.39,9.29,60.25,13.3,9.36
5/31/1959,1.48,1.83,7.5,64.24,14.18,4.36
6/30/1959,0.78,1.12,1.74,25.64,5.66,1.01
7/31/1959,0.63,0.71,0.03,3.96,0.87,0
8/31/1959,0.48,0.58,0.01,1.85,0.41,0
9/30/1959,0.53,0.92,0.09,3.06,0.67,0
10/31/1959,0.44,0.76,0.01,1.76,0.39,0
11/30/1959,0.48,0.72,0.01,0.88,0.19,0
12/31/1959,0.4,0.98,0.01,1.32,0.29,0
1/31/1960,0.85,1.88,0.03,3.15,0.7,0.21
2/29/1960,6.28,7.76,1.24,16.6,3.67,7.63
3/31/1960,4.95,7.32,5.26,29.05,6.41,14.13
4/30/1960,4.36,5,10,57.63,12.73,13.49
5/31/1960,3.06,3.92,10.88,80.5,17.76,7.33
6/30/1960,0.64,1.46,2.34,29.95,6.61,1.33
7/31/1960,0.32,0.82,0.08,3.06,0.68,0
8/31/1960,0.3,0.57,0.01,0.16,0.04,0
9/30/1960,0.29,0.49,0,1.4,0.31,0
10/31/1960,0.3,0.63,0.01,0,0,0
11/30/1960,0.91,1.3,0.14,1.78,0.39,0
12/31/1960,1.53,1.44,1.06,3.44,0.76,0
1/31/1961,0.93,0.97,0.62,3.12,0.69,0.51
2/28/1961,1.01,1.56,2.02,8.04,1.78,2.97
3/31/1961,1.35,2.58,2.37,12.25,2.7,4.17
4/30/1961,1.93,2.61,7.87,41.75,9.22,7.03
5/31/1961,1.62,1.94,8.82,78.33,17.29,0.6
6/30/1961,0.62,0.89,2.16,26.63,5.88,0
7/31/1961,0.17,0.43,0.05,2.5,0.55,0
8/31/1961,0.15,0.3,0.01,0,0,0
9/30/1961,0.19,0.37,0.01,1.35,0.3,0
10/31/1961,0.21,0.43,0.01,0.79,0.17,0.06
11/30/1961,0.34,0.7,0.05,1.41,0.31,0.03
12/31/1961,0.7,1.25,0.9,4.38,0.97,0.01
1/31/1962,0.55,1.03,0.75,3.2,0.71,1.18
2/28/1962,9.4,12.76,1.61,19.19,4.24,11.68
3/31/1962,6.54,8.71,2.07,13.62,3,9.58
4/30/1962,10.59,12.75,13.88,72.59,16.03,35.86
5/31/1962,5.25,5.05,13.97,92.11,20.33,21.91
6/30/1962,2.19,1.93,9.87,83.8,18.49,16.13
7/31/1962,0.73,0.92,0.52,11.74,2.59,0.3
8/31/1962,0.66,0.63,0.01,2.1,0.46,0
9/30/1962,0.19,0.43,0.01,0.67,0.15,0
10/31/1962,1.62,1.68,0.82,9.05,2,0.67
11/30/1962,0.75,0.89,0.11,3.3,0.73,1.26
12/31/1962,1.38,1.37,1.72,6.3,1.39,3.57
1/31/1963,3.08,5.39,4.22,12.19,2.69,10.83
2/28/1963,10.85,12.41,10.09,57.33,12.66,42.13
3/31/1963,5.16,6.42,2.24,15.52,3.43,9.73
4/30/1963,16.91,20.12,4.85,47.32,10.45,18.35
5/31/1963,14.58,14.82,21.64,133.36,29.43,38.89
6/30/1963,4.22,4.33,9.69,79.3,17.5,19.94
7/31/1963,2.05,2.2,0.57,15.52,3.42,0.92
8/31/1963,1.21,1.4,0.03,0.78,0.17,0
9/30/1963,0.83,1.1,0.02,1.68,0.37,0
10/31/1963,1.15,1.24,0.27,2.71,0.6,0
11/30/1963,2.57,3.17,3.38,16.75,3.7,6.55
12/31/1963,1.99,2.02,1.47,6.6,1.46,4.07
1/31/1964,2.76,3.17,1.07,5.07,1.12,2.69
2/29/1964,2.54,2.92,1.34,5.62,1.24,3.04
3/31/1964,2.71,3.54,2.47,10.02,2.21,4.69
4/30/1964,4.72,5.94,7.08,40.23,8.89,11.73
5/31/1964,4.46,4.94,10.32,91.18,20.12,10.3
6/30/1964,2.21,2.47,4.43,43.4,9.58,2.98
7/31/1964,0.87,1.14,0.23,4.06,0.9,0
8/31/1964,0.53,0.66,0.02,0.57,0.12,0
9/30/1964,0.49,0.58,0.01,0.77,0.17,0
10/31/1964,0.51,0.76,0.01,1.77,0.39,0.28
11/30/1964,2.47,2.65,1.32,4.65,1.03,0.4
12/31/1964,20.04,26.96,22.21,88.1,19.44,70.97
1/31/1965,21.31,27.18,3.6,46.29,10.23,28.24
2/28/1965,9.52,10.46,2.94,24.45,5.4,11.15
3/31/1965,7.37,7.85,4.19,19.86,4.38,9.69
4/30/1965,13.35,17.52,10.92,65.46,14.45,26.1
5/31/1965,8.27,8.02,17.34,102.35,22.59,32.83
6/30/1965,3.93,3.74,13.11,86.45,19.07,28.28
7/31/1965,1.88,2.19,2.47,25.41,5.61,5.16
8/31/1965,1.92,1.65,1.19,11.17,2.46,1.3
9/30/1965,1.12,1.21,0.08,4.84,1.07,0
10/31/1965,1.7,1.13,0.02,3.93,0.87,0
11/30/1965,3.06,3.62,1.3,11.68,2.58,3.36
12/31/1965,3.25,3.15,1.13,6.54,1.44,4.35
1/31/1966,2.96,3.38,0.77,7.42,1.64,4.41
2/28/1966,2.95,3.39,0.66,6.92,1.52,3.58
3/31/1966,4.54,5.27,4.13,29.78,6.58,14.14
4/30/1966,5.62,4.99,11.97,79.96,17.65,15.27
5/31/1966,2.07,2.16,9.65,83.26,18.37,9.62
6/30/1966,0.89,1.27,0.68,9.95,2.19,0
7/31/1966,0.44,0.72,0.03,2.01,0.44,0
8/31/1966,0.33,0.48,0,0.58,0.13,0
9/30/1966,0.71,0.45,0,1.49,0.33,0
10/31/1966,0.83,0.5,0,0.67,0.15,0.1
11/30/1966,1.1,1.71,1.23,7.59,1.67,0.68
12/31/1966,6.16,8.53,3.35,24.11,5.32,14.13
1/31/1967,5.59,8.57,1.62,13.57,3,12.35
2/28/1967,6.26,7.67,2.34,15.26,3.37,13.02
3/31/1967,13.49,15.86,6.96,33.39,7.37,26.41
4/30/1967,14.76,16.67,2.48,30.98,6.85,20.94
5/31/1967,22.28,25.51,19.18,124.46,27.47,53.04
6/30/1967,8.88,9,23.95,149.02,32.89,47
7/31/1967,3.48,3.05,7.71,66.89,14.76,16.33
8/31/1967,1.71,1.7,0.11,5.31,1.17,0
9/30/1967,1.17,1.33,0.03,0.06,0.01,0
10/31/1967,1.24,1.64,0.06,1.24,0.27,0
11/30/1967,0.89,1.46,0.05,1.59,0.35,0
12/31/1967,1.34,2.08,0.47,3.67,0.81,0.08
1/31/1968,1.8,2.46,0.89,5.73,1.26,1.83
2/29/1968,4.74,6.14,5.35,25.23,5.57,13.85
3/31/1968,5.36,5.61,3.89,25.48,5.63,9.69
4/30/1968,3.9,4.3,7.79,50.2,11.08,8.71
5/31/1968,1.88,2.23,7.99,78.27,17.27,6.39
6/30/1968,0.77,1.12,1.1,25.17,5.55,0.83
7/31/1968,0.51,0.59,0.04,2.51,0.55,0
8/31/1968,0.34,0.54,0.02,2.22,0.49,0
9/30/1968,0.31,0.45,0.01,1.18,0.26,0
10/31/1968,0.47,0.68,0.03,2.52,0.55,0.44
11/30/1968,1.42,1.66,2.98,14.17,3.13,3.77
12/31/1968,2.1,3.07,1.23,6.9,1.52,4.12
1/31/1969,27.48,40.67,4.89,46.53,10.27,39.5
2/28/1969,13.42,18.92,1.59,21.23,4.68,16.57
3/31/1969,11.54,15.13,2.94,24.69,5.46,17.92
4/30/1969,22.17,25.31,10.9,69.8,15.42,41.64
5/31/1969,14.3,15.44,31.28,182.54,40.29,70.61
6/30/1969,4.96,4.54,16.95,123.23,27.19,41.55
7/31/1969,3.06,2.32,2.45,34.99,7.72,5.59
8/31/1969,2.51,1.26,0.04,3.92,0.86,0
9/30/1969,1.85,1.04,0.01,1.11,0.24,0
10/31/1969,1.88,1.49,0.66,4.78,1.05,0.3
11/30/1969,1.7,1.65,0.7,4.41,0.97,0.52
12/31/1969,2.96,4.03,4.92,22.16,4.89,15.48
1/31/1970,24.02,28.41,13.47,72.61,16.03,53.78
2/28/1970,8.99,10.09,3.09,32.95,7.27,13.11
3/31/1970,9.2,11.53,4.48,31.89,7.04,13.24
4/30/1970,5.3,5.37,5.47,37.74,8.33,11.78
5/31/1970,4.35,3.82,16,104.97,23.17,28.72
6/30/1970,2.25,2.29,8.03,70.08,15.46,16.93
7/31/1970,2.1,1.27,0.4,11.38,2.51,0.19
8/31/1970,0.97,0.81,0.03,0.26,0.06,0
9/30/1970,0.6,0.63,0.01,0.82,0.18,0
10/31/1970,0.61,0.77,0.01,1.61,0.35,0.17
11/30/1970,1.51,2.61,2.67,12.46,2.75,3.19
12/31/1970,4.77,7.27,2.02,16.4,3.62,11.46
1/31/1971,5.02,6.49,4.81,17.3,3.82,14.49
2/28/1971,4.77,5.18,2.7,16.98,3.75,11.61
3/31/1971,9.17,9.84,3.4,23.14,5.12,14.53
4/30/1971,8.34,8.75,7.12,47.3,10.44,19.85
5/31/1971,5.85,5.61,14.49,90.21,19.91,25.9
6/30/1971,2.68,2.49,13.53,104.93,23.15,25.74
7/31/1971,1.33,1.32,1.32,19.23,4.24,1.65
8/31/1971,0.65,0.82,0.04,3.27,0.72,0
9/30/1971,0.77,0.65,0.01,1.22,0.27,0
10/31/1971,0.66,0.87,0.02,3.14,0.69,0
11/30/1971,0.74,1.33,0.65,5.66,1.25,0.69
12/31/1971,2.92,4.62,1.63,9.26,2.04,4.46
1/31/1972,2.37,2.35,0.85,7.39,1.63,5.19
2/29/1972,4.17,4.38,1,10.07,2.22,6.33
3/31/1972,5.82,5.55,8.38,41.6,9.19,22.17
4/30/1972,4.46,4.17,6.77,40.95,9.04,12.19
5/31/1972,2.58,2.17,14.15,97.53,21.53,16.22
6/30/1972,0.74,1.05,3.89,44.67,9.86,5.86
7/31/1972,0.5,0.45,0.15,6.42,1.42,0
8/31/1972,0.24,0.32,0.02,1.26,0.28,0
9/30/1972,0.29,0.38,0.01,1.64,0.36,0
10/31/1972,0.46,0.61,0.09,3.6,0.79,0.15
11/30/1972,0.95,1.37,0.79,5.78,1.28,0.62
12/31/1972,1.98,2.51,4.42,14.05,3.1,9.24
1/31/1973,6.83,10.69,2.49,21.93,4.84,16.87
2/28/1973,9.36,12.45,1.38,17.4,3.83,11.44
3/31/1973,9.59,12.19,1.73,19.52,4.32,11.71
4/30/1973,10.03,12.23,9.34,51.31,11.33,23.67
5/31/1973,8.77,8.04,24.41,150.69,33.26,41.45
6/30/1973,2.52,2.37,6.91,59.5,13.13,12.22
7/31/1973,0.96,0.93,0.47,6.01,1.33,0
8/31/1973,0.46,0.48,0.02,0,0,0
9/30/1973,1.13,0.46,0.01,2.14,0.47,0
10/31/1973,1.33,1.04,0.16,2.73,0.6,0.35
11/30/1973,2.56,3.86,6.09,32.16,7.1,18.34
12/31/1973,6.97,7.74,4.24,18.61,4.11,16.62
1/31/1974,10.43,12.06,5.79,31.64,6.98,23.67
2/28/1974,4.61,4.63,2.18,12.6,2.79,8.79
3/31/1974,15.4,19.69,4.94,38.92,8.6,20.49
4/30/1974,14.25,16.52,7.72,53.59,11.83,23.3
5/31/1974,6.31,5.55,21.27,129.6,28.6,38.49
6/30/1974,2.35,2.22,10.79,78.38,17.29,22.89
7/31/1974,2.08,1.65,2.05,20.76,4.58,2.67
8/31/1974,1.51,0.78,0.18,1.12,0.25,0
9/30/1974,0.64,0.3,0.01,4.75,1.05,0
10/31/1974,0.66,0.75,0.01,1.61,0.35,0.16
11/30/1974,0.5,1.12,0.09,2.42,0.53,0
12/31/1974,1.23,1.41,0.39,4.09,0.9,0.25
1/31/1975,2.19,2.32,1.05,7.1,1.57,3.07
2/28/1975,5.44,6.55,1.39,11.29,2.49,7.4
3/31/1975,10.9,14.58,2.45,21.58,4.76,16.36
4/30/1975,9.95,11.18,2.31,21.29,4.7,13.84
5/31/1975,13.63,15.21,25.89,110.78,24.46,47.71
6/30/1975,4.59,3.8,22.4,129.33,28.54,32.04
7/31/1975,1.76,1.56,2.1,25.7,5.67,3.32
8/31/1975,1.19,1,0.14,4.14,0.91,0
9/30/1975,0.63,0.62,0.03,1.94,0.43,0
10/31/1975,1.08,1.33,2.21,12.64,2.79,0.63
11/30/1975,1.06,1.26,2.44,11.36,2.5,1.98
12/31/1975,1.05,1.11,1.14,6.43,1.42,0.84
1/31/1976,0.95,1,0.74,5.28,1.17,0.61
2/29/1976,1.09,1.39,1.04,6.89,1.52,0.8
3/31/1976,1.75,1.83,2.77,17.8,3.93,0.5
4/30/1976,1.46,1.54,4.37,32.65,7.21,0
5/31/1976,0.82,0.71,5.63,59.18,13.06,0
6/30/1976,0.39,0.34,0.33,6.44,1.42,0
7/31/1976,0.18,0.18,0.02,1.24,0.27,0
8/31/1976,0.3,0.32,0.2,3.6,0.79,0
9/30/1976,0.23,0.23,0.12,1.86,0.41,0
10/31/1976,0.69,0.26,0.02,1.81,0.4,0
11/30/1976,0.23,0.41,0.07,1.78,0.39,0
12/31/1976,0.2,0.38,0.02,1.47,0.32,0
1/31/1977,0.29,0.56,0.22,2.83,0.62,0
2/28/1977,0.34,0.58,0.44,4.18,0.92,0
3/31/1977,0.56,0.69,0.8,5.62,1.24,0
4/30/1977,0.38,0.45,3.86,30.28,6.69,0
5/31/1977,0.59,0.67,4.8,46.28,10.22,0
6/30/1977,0.15,0.29,1.74,28.61,6.31,0
7/31/1977,0.13,0.09,0.05,0.32,0.07,0
8/31/1977,0.12,0.03,0.01,0.76,0.17,0
9/30/1977,0.11,0.04,0.01,0.52,0.11,0
10/31/1977,0.1,0.14,0.01,0.47,0.1,0.07
11/30/1977,0.25,0.32,0.05,1.74,0.38,0.23
12/31/1977,1.28,2.48,1.89,11.7,2.58,2.65
1/31/1978,10.15,13.43,1.2,22.64,5,15.25
2/28/1978,7.86,10.57,1.17,15.25,3.37,12.24
3/31/1978,15.02,19.61,5.71,34.83,7.68,25.38
4/30/1978,16.71,19.84,7.22,51.05,11.28,28.07
5/31/1978,8.6,9.4,23.31,113.36,25.02,40.64
6/30/1978,3.25,2.74,19.84,113.99,25.15,33.08
7/31/1978,1.09,1.25,3.05,29.3,6.46,5.37
8/31/1978,0.76,0.68,0.09,2.75,0.61,0.31
9/30/1978,0.86,0.8,0.83,7.23,1.59,0
10/31/1978,0.59,0.6,0.02,1.39,0.31,0.1
11/30/1978,0.83,0.76,0.1,2.56,0.56,0
12/31/1978,0.84,1.16,0.48,4.09,0.9,0.28
1/31/1979,3.77,4.78,3.49,14.93,3.3,8.89
2/28/1979,4.69,6.86,1.02,11.53,2.55,8.68
3/31/1979,11.26,14.69,3.59,27.07,5.97,17.22
4/30/1979,10.48,12.35,7.72,48.49,10.71,22.77
5/31/1979,10.47,10.52,20.17,140.53,31.02,34.41
6/30/1979,2.51,2.59,5.58,56.08,12.37,10.15
7/31/1979,1.19,1.25,0.27,7.6,1.68,0
8/31/1979,0.77,0.57,0.02,2,0.44,0
9/30/1979,0.44,0.39,0,0.34,0.08,0
10/31/1979,0.62,0.66,0.97,4.42,0.97,0.45
11/30/1979,0.99,1.25,1.74,6.71,1.48,1.17
12/31/1979,1.98,2.06,1.62,5.54,1.22,3.41
1/31/1980,22.23,28.63,14.69,69.33,15.3,57.84
2/29/1980,23.05,30.37,4.01,45.7,10.1,29.08
3/31/1980,13.63,16.95,2.64,34.53,7.62,14.84
4/30/1980,8.53,9.37,10.16,57.69,12.73,25.2
5/31/1980,6.94,5.61,15.4,104.56,23.08,32.09
6/30/1980,3.21,2.68,12.68,93.91,20.72,29.37
7/31/1980,1.44,1.54,3.33,39.81,8.78,7.36
8/31/1980,0.59,0.77,0.07,3.93,0.87,0
9/30/1980,0.41,0.59,0.02,0.99,0.22,0
10/31/1980,0.56,0.7,0.01,0.44,0.1,0
11/30/1980,0.59,0.7,0.02,1.74,0.38,0
12/31/1980,0.89,1.11,0.22,2.88,0.64,0
1/31/1981,2.02,2.57,0.41,6,1.33,1.42
2/28/1981,2.08,2.37,1.73,10.26,2.26,5.22
3/31/1981,4.51,6.12,1.86,15.88,3.5,6.95
4/30/1981,3.89,4.46,9.56,60.29,13.32,14.47
5/31/1981,2.23,1.84,9.01,87.63,19.34,5.75
6/30/1981,0.8,0.64,1.45,24.78,5.47,0
7/31/1981,0.47,0.18,0.03,0,0,0
8/31/1981,0.31,0.14,0,1.75,0.39,0
9/30/1981,0.22,0.13,0,0.44,0.1,0
10/31/1981,0.42,0.41,0.41,2.65,0.58,0.57
11/30/1981,2.74,2.92,7.81,27.73,6.12,13.45
12/31/1981,7.4,8.76,11.41,34.93,7.71,37.31
1/31/1982,11.02,15.32,2.43,22.87,5.04,18.96
2/28/1982,20.21,24.74,12.67,58.31,12.89,47.8
3/31/1982,18.8,23.35,3.83,51.54,11.38,27.06
4/30/1982,33.4,41.91,13.47,108.93,24.04,49.43
5/31/1982,13.19,14.84,24.07,145.87,32.19,52.28
6/30/1982,4.18,3.97,12.27,96.94,21.39,34.92
7/31/1982,2.29,2.34,2.18,35.59,7.85,8.51
8/31/1982,1.19,1.11,0.11,9.74,2.15,1.68
9/30/1982,1.12,1.14,0.74,10.65,2.35,0
10/31/1982,2.31,2.56,5.43,25.92,5.72,9.37
11/30/1982,5.58,6.68,2.08,19.77,4.36,14.68
12/31/1982,12.39,16.55,2.05,26.84,5.93,25.97
1/31/1983,13.75,18.03,1.8,21.91,4.83,19.01
2/28/1983,21.83,28.86,1.74,31.5,6.94,25.56
3/31/1983,40.18,50.73,3.38,65.94,14.58,48.53
4/30/1983,19.55,24.19,3.5,44.46,9.82,23.7
5/31/1983,22.9,26.06,22.9,125.58,27.72,62.78
6/30/1983,10.76,9.7,33.58,194.61,42.95,74.25
7/31/1983,4.19,3.87,16.16,110.81,24.45,40.07
8/31/1983,2.35,2.04,1.55,21.33,4.7,4.22
9/30/1983,1.77,1.88,0.93,11.67,2.57,0
10/31/1983,1.67,1.64,0.86,7.03,1.55,0.61
11/30/1983,11.56,11.74,10.66,51.45,11.36,39.26
12/31/1983,22.86,26.01,8.09,58.48,12.92,42.19
1/31/1984,10.47,10.21,3.95,34.69,7.66,16.36
2/29/1984,7.38,7.54,2.28,25.15,5.55,10.87
3/31/1984,8.95,9.51,4.84,36.66,8.09,15.77
4/30/1984,5.93,5.9,6.53,46.23,10.2,13.89
5/31/1984,3.86,3.88,17.59,122.09,26.94,37.18
6/30/1984,2.21,2.27,7.49,58.9,12.99,15.64
7/31/1984,1.21,1.19,0.36,13.04,2.88,0.98
8/31/1984,0.85,0.62,0.03,2.22,0.49,0
9/30/1984,0.84,0.36,0.01,0.93,0.21,0
10/31/1984,1.01,1.15,0.44,4.21,0.93,0
11/30/1984,4.08,2.85,2.56,13.16,2.91,5.23
12/31/1984,2.21,2.21,1.17,6.97,1.54,4.78
1/31/1985,2.13,1.81,1.24,6.45,1.42,4
2/28/1985,2.6,3.19,1.68,9.4,2.07,5.36
3/31/1985,4.67,5.24,2.17,17.98,3.97,8.6
4/30/1985,6.33,6.75,11.07,73.34,16.19,18.83
5/31/1985,2.55,2.48,9.87,91.11,20.11,11.93
6/30/1985,1.17,0.91,1.61,22.44,4.95,1.47
7/31/1985,0.44,0.28,0.06,2.55,0.56,0
8/31/1985,0.37,0.31,0.02,1.13,0.25,0
9/30/1985,0.52,0.41,0.13,2.93,0.64,0
10/31/1985,1.34,0.62,0.3,2.15,0.47,1.04
11/30/1985,1.17,1.62,0.54,5.91,1.3,2.56
12/31/1985,2.15,2.85,2.06,10.28,2.27,7.65
1/31/1986,4.7,6.52,4.89,21.62,4.77,23.66
2/28/1986,42.66,53.28,10.53,96.68,21.35,55.65
3/31/1986,24.36,26.84,13.01,91.67,20.24,32.5
4/30/1986,8.48,8.76,10.62,67.91,14.99,19.03
5/31/1986,4.73,4.4,17.68,106.31,23.46,37.97
6/30/1986,2.64,1.97,10.35,78.34,17.28,32.63
7/31/1986,1.26,0.94,0.49,13.63,3.01,1.28
8/31/1986,1.03,0.37,0.02,3.31,0.73,0
9/30/1986,1.24,0.68,0.05,2.28,0.5,0
10/31/1986,1.48,0.71,0.19,4.58,1.01,0
11/30/1986,0.87,0.57,0.02,1.72,0.38,0
12/31/1986,0.71,0.7,0.04,2.25,0.5,0
1/31/1987,0.92,1,0.18,3.7,0.82,0
2/28/1987,1.92,1.66,1.06,7.95,1.76,0
3/31/1987,3.7,3.76,2.1,17.29,3.81,0
4/30/1987,1.8,1.78,8.94,58.01,12.81,0
5/31/1987,0.98,0.97,5.72,64.35,14.2,0
6/30/1987,0.6,0.48,0.48,8.9,1.96,0
7/31/1987,0.67,0.24,0.03,2.36,0.52,0
8/31/1987,0.25,0.13,0.01,1.04,0.23,0
9/30/1987,0.2,0.13,0.01,1,0.22,0
10/31/1987,0.26,0.22,0.01,1.24,0.27,0
11/30/1987,0.45,0.3,0.16,3.67,0.81,0.04
12/31/1987,0.77,0.51,0.82,5.44,1.2,0.38
1/31/1988,1.43,1.38,1.11,7.86,1.74,0.97
2/29/1988,0.96,0.63,1.97,8.9,1.96,1.14
3/31/1988,1.72,1.22,3.96,23.1,5.1,1.42
4/30/1988,1.17,1.19,5.64,49.51,10.93,0
5/31/1988,1.05,1.01,4.53,54.6,12.05,0
6/30/1988,0.46,0.5,1.14,12.62,2.78,1.07
7/31/1988,0.4,0.14,0.05,2.32,0.51,0
8/31/1988,0.38,0.06,0.01,1.04,0.23,0
9/30/1988,0.25,0.03,0,1,0.22,0
10/31/1988,0.25,0.1,0,0,0,0
11/30/1988,0.53,0.5,0.4,1.99,0.44,4.17
12/31/1988,0.49,0.52,0.67,4.86,1.07,1.44
1/31/1989,0.66,0.42,0.95,4.45,0.98,2.5
2/28/1989,0.86,1.16,1.59,14.69,3.24,2.34
3/31/1989,8.69,10.03,10.56,70.12,15.48,20.72
4/30/1989,4.34,3.76,13.38,89.81,19.82,20.64
5/31/1989,1.67,1.16,10.18,84.01,18.54,9.08
6/30/1989,0.64,0.5,3.53,46.33,10.23,1.53
7/31/1989,0.49,0.18,0.1,4.04,0.89,0.1
8/31/1989,0.35,0.06,0.02,1.25,0.28,0
9/30/1989,0.46,0.28,0.09,2.3,0.51,0.93
10/31/1989,0.77,0.92,0.87,5.9,1.3,1.64
11/30/1989,0.82,0.72,0.79,8.32,1.84,2.68
12/31/1989,0.57,0.39,0.91,7.33,1.62,0.93
1/31/1990,1.04,1.35,1.37,9.3,2.05,1.78
2/28/1990,1.29,2.02,1.22,8.13,1.8,1.16
3/31/1990,4.18,4.63,3.89,28.72,6.34,7.83
4/30/1990,2.91,2.2,8.06,62.3,13.75,5.89
5/31/1990,1.64,1.07,4.62,53.93,11.9,0
6/30/1990,1.23,0.87,2.06,22.44,4.95,1.43
7/31/1990,0.54,0.21,0.1,3.05,0.67,0
8/31/1990,0.45,0.08,0.02,1.38,0.31,0
9/30/1990,0.25,0.07,0.01,0.34,0.08,0
10/31/1990,0.31,0.11,0.01,0.32,0.07,0
11/30/1990,0.34,0.19,0.02,0,0,0.06
12/31/1990,0.34,0.17,0.02,1.55,0.34,0.18
1/31/1991,0.29,0.11,0.04,0.88,0.19,1.18
2/28/1991,0.32,0.14,0.31,0.32,0.07,1.14
3/31/1991,2.02,4.09,2.69,17.54,3.87,7.38
4/30/1991,3.6,3.78,5.14,33.94,7.49,9.27
5/31/1991,3.44,2.99,11.39,83.04,18.33,9.88
6/30/1991,1.42,0.92,5.73,52.13,11.51,6.9
7/31/1991,0.59,0.22,0.36,4.24,0.94,2.1
8/31/1991,0.26,0.13,0.03,1.24,0.27,0
9/30/1991,0.23,0.05,0.01,0.15,0.03,0
10/31/1991,0.29,0.23,0.22,2.21,0.49,0.24
11/30/1991,0.25,0.2,1.04,4.14,0.91,0.51
12/31/1991,0.42,0.47,0.54,4.53,1,0.54
1/31/1992,0.29,0.48,0.69,4.49,0.99,0.95
2/29/1992,2.32,3.71,2.57,15.28,3.37,4.03
3/31/1992,4.14,4.8,3.68,22.39,4.94,6.59
4/30/1992,2.71,2.48,9.53,67.09,14.81,5.87
5/31/1992,1.21,0.67,3.62,41.78,9.22,0
6/30/1992,0.64,0.27,0.31,6.01,1.33,0
7/31/1992,0.35,0.31,0.89,6.17,1.36,0
8/31/1992,0.21,0.06,0.02,0.52,0.11,0
9/30/1992,0.12,0.03,0.02,0.8,0.18,0
10/31/1992,0.3,0.2,0.08,1.88,0.42,0
11/30/1992,0.31,0.28,0.37,2.26,0.5,0.05
12/31/1992,0.73,2.04,0.66,5.33,1.18,4.24
1/31/1993,9.78,13.93,4.4,21.19,4.68,19.4
2/28/1993,8.18,11.9,1.49,14.43,3.18,15.09
3/31/1993,14.92,20.33,7.14,51.59,11.39,35.04
4/30/1993,9.75,13.9,10.2,68.03,15.01,24.19
5/31/1993,6.4,5.53,24.57,142.1,31.36,44.94
6/30/1993,3.86,2.8,13.75,105.78,23.35,21.33
7/31/1993,1.16,1.01,1.95,30.92,6.82,2.49
8/31/1993,0.76,0.45,0.08,3.59,0.79,0.61
9/30/1993,0.46,0.26,0.01,0.36,0.08,0.86
10/31/1993,0.62,0.46,0.02,0.96,0.21,0.95
11/30/1993,0.59,0.5,0.02,0.53,0.12,1.83
12/31/1993,0.61,0.87,0.27,2.32,0.51,1.32
1/31/1994,0.72,0.97,0.55,3.25,0.72,1.63
2/28/1994,1.43,2.04,0.8,4.32,0.95,3.82
3/31/1994,2.06,2.51,3.9,21.61,4.77,5.63
4/30/1994,1.65,1.83,6.42,47.39,10.46,5.43
5/31/1994,1.65,1.77,6.67,62.05,13.7,4.64
6/30/1994,0.6,0.43,0.91,19.59,4.32,0.3
7/31/1994,0.25,0.14,0.03,1.77,0.39,0
8/31/1994,0.31,0.08,0.01,0.8,0.18,0
9/30/1994,0.28,0.07,0.01,0,0,0
10/31/1994,0.25,0.28,0.02,0.77,0.17,0
11/30/1994,0.83,0.78,1.05,6.54,1.44,2.84
12/31/1994,0.93,1.45,1.19,8.06,1.78,3.89
1/31/1995,14.91,22.55,3.78,35.78,7.9,28.54
2/28/1995,6.99,7.36,3.73,27.69,6.11,16.61
3/31/1995,30.1,39.48,8.28,62.66,13.83,58.45
4/30/1995,18.26,21.48,10.98,60.32,13.31,42.15
5/31/1995,22.11,28.38,22.53,131.56,29.04,58.58
6/30/1995,6.25,6.91,26.12,159.27,35.15,64.35
7/31/1995,1.73,2.77,12.14,116.21,25.65,25.32
8/31/1995,1.19,1.43,0.69,17.84,3.94,2.79
9/30/1995,0.76,0.86,0.03,1,0.22,1.37
10/31/1995,0.72,0.75,0.01,0.4,0.09,1.24
11/30/1995,0.8,0.72,0.01,1.79,0.4,0
12/31/1995,1.84,1.95,1.92,12.73,2.81,6.82
1/31/1996,5.12,5.97,2.05,17.55,3.87,9.55
2/29/1996,14.39,19.16,9.19,57.55,12.7,36.64
3/31/1996,13.99,16.56,4.96,41.42,9.14,31.55
4/30/1996,10.91,12.19,10.63,67.5,14.9,32.73
5/31/1996,7.16,6.92,20.13,139.36,30.76,57.14
6/30/1996,3.03,3.22,6.31,73.35,16.19,14.45
7/31/1996,1.59,1.56,0.37,11.75,2.59,4.43
8/31/1996,0.81,0.77,0.03,0.04,0.01,0.81
9/30/1996,0.57,0.53,0.01,0,0,0.01
10/31/1996,0.81,0.69,0.02,0,0,1.7
11/30/1996,2.26,2.24,4.41,16.95,3.74,8.83
12/31/1996,15.22,21.02,8.87,41.09,9.07,42.39
1/31/1997,41.83,55.78,17.97,114.23,25.21,150.7
2/28/1997,9.54,14.57,2.7,20.49,4.52,31.13
3/31/1997,6.11,7.27,6.94,31.7,7,23.93
4/30/1997,3.96,4.43,10.58,67.8,14.97,23.11
5/31/1997,2.68,2.83,13.2,107.73,23.78,23.69
6/30/1997,2.01,1.51,4.06,41.87,9.24,10.98
7/31/1997,1,0.76,0.15,5.13,1.13,2.74
8/31/1997,0.65,0.48,0.02,0.54,0.12,1.74
9/30/1997,0.71,0.5,0.01,0.46,0.1,0.94
10/31/1997,0.82,0.85,0.02,0.52,0.11,1.91
11/30/1997,1.14,1.18,0.18,1.49,0.33,0
12/31/1997,1.46,1.75,0.58,3.3,0.73,0
1/31/1998,7.19,10.95,3.41,18.16,4.01,3.73
2/28/1998,17.21,25.75,1.78,20.41,4.5,17.95
3/31/1998,16.82,21.63,7.08,49.73,10.98,29.29
4/30/1998,15.2,20.35,7.3,47.07,10.39,28.15
5/31/1998,16.23,19.17,12.65,84.88,18.73,35.59
6/30/1998,10.73,9.56,25.91,159.39,35.18,61.23
7/31/1998,4.41,3.79,8.95,75.8,16.73,7.68
8/31/1998,1.98,1.88,0.2,6.56,1.45,0.33
9/30/1998,1.35,1.32,0.08,3.14,0.69,1.66
10/31/1998,1.95,1.33,0.05,1.96,0.43,2.27
11/30/1998,1.75,1.98,0.8,7.77,1.71,3.79
12/31/1998,2.37,2.64,2.03,10.46,2.31,6.58
1/31/1999,7.32,9.68,2.44,18.48,4.08,12.25
2/28/1999,18.94,23.86,2.5,22.53,4.97,29.31
3/31/1999,11.23,13.15,3.4,23.89,5.27,20.02
4/30/1999,10.84,12.85,7.18,39.03,8.61,31.99
5/31/1999,7.32,7.17,21.78,132.08,29.15,49.74
6/30/1999,3.88,3.17,12.42,94.38,20.83,26.2
7/31/1999,1.61,1.8,1.05,16.03,3.54,0
8/31/1999,1.16,1.03,0.03,2.22,0.49,0.4
9/30/1999,0.8,0.66,0.01,0.31,0.07,0.55
10/31/1999,0.76,0.68,0.02,0,0,0.55
11/30/1999,1.04,1.25,0.29,2.35,0.52,1.23
12/31/1999,1.08,1.16,0.25,2.31,0.51,2.24
1/31/2000,6.68,8.79,2.59,16.54,3.65,15.51
2/29/2000,13.78,19.19,3.23,23.19,5.12,25.93
3/31/2000,11.1,14.55,5.07,30.8,6.8,19.56
4/30/2000,6.99,8.44,11.58,75.2,16.6,16.45
5/31/2000,5.53,5.7,15.66,124.89,27.57,28.25
6/30/2000,2.7,2.49,3.91,42.52,9.38,8.21
7/31/2000,0.97,1.29,0.12,5.24,1.16,1.28
8/31/2000,0.6,0.71,0.01,0.78,0.17,0.37
9/30/2000,0.8,0.68,0.01,1.13,0.25,0.89
10/31/2000,1.33,1.13,0.03,2.1,0.46,0.36
11/30/2000,0.98,1.2,0.22,2.85,0.63,1.82
12/31/2000,1.05,1.29,0.41,1.49,0.33,2.48
1/31/2001,1.38,1.81,0.44,3.86,0.85,4.2
2/28/2001,2.46,3.04,0.8,6.31,1.39,3.6
3/31/2001,4.78,5.83,4.88,29.65,6.54,9.2
4/30/2001,5.88,7.17,6.13,48.28,10.66,11.73
5/31/2001,3.39,3.38,9,92.29,20.37,10.1
6/30/2001,0.92,0.95,0.41,7.26,1.6,1.27
7/31/2001,0.5,0.42,0.02,1.45,0.32,0.64
8/31/2001,0.55,0.25,0.01,0.55,0.12,0.72
9/30/2001,0.42,0.24,0,4.4,0.97,0
10/31/2001,0.45,0.19,0.01,0,0,0
11/30/2001,0.74,0.98,0.9,7.08,1.56,0.41
12/31/2001,3.18,3.85,1.25,11.53,2.54,5.61
1/31/2002,4.29,4.75,2.09,13.94,3.08,12.68
2/28/2002,3.33,4.26,2.1,14.9,3.29,5.03
3/31/2002,6.87,8.21,3.36,23.04,5.08,14.55
4/30/2002,5.61,5.8,11.16,77.62,17.13,13.22
5/31/2002,3.17,2.91,12.97,105.92,23.38,9.57
6/30/2002,1.24,1.17,4.25,37.01,8.17,8.78
7/31/2002,0.51,0.41,0.1,5.43,1.2,1.7
8/31/2002,0.31,0.23,0.01,0,0,2.54
9/30/2002,0.29,0.23,0.01,0,0,0.76
10/31/2002,0.37,0.29,0.01,0.6,0.13,0.22
11/30/2002,0.71,0.66,1.77,10.57,2.33,0
12/31/2002,1.96,2.63,1.3,7.18,1.59,2.93
1/31/2003,2.66,2.95,2.86,18.78,4.14,6.74
2/28/2003,2.89,2.64,2.23,16.33,3.61,3.27
3/31/2003,3.36,3.91,5.18,30.97,6.83,2.51
4/30/2003,9.69,11.05,5.09,42.27,9.33,14.42
5/31/2003,10.06,10.61,17.13,116.87,25.79,31.57
6/30/2003,2.85,2.16,9.56,85.1,18.78,17.62
7/31/2003,0.8,0.77,0.27,9.98,2.2,2.32
8/31/2003,0.57,0.38,0.06,0,0,0.97
9/30/2003,0.38,0.14,0.01,0,0,1.23
10/31/2003,0.42,0.28,0,0,0,1.72
11/30/2003,0.75,0.66,0.02,1.84,0.41,1.16
12/31/2003,2.66,2.99,1.24,11.9,2.63,5.04
1/31/2004,2.75,3.28,1.46,4.91,1.08,7.61
2/29/2004,5.08,6.15,1.45,13.28,2.93,10.85
3/31/2004,7.48,8.74,8.61,48.02,10.6,17.71
4/30/2004,3.9,3.68,10.51,74.34,16.41,10.2
5/31/2004,1.92,1.34,9.42,83.46,18.42,0.24
6/30/2004,0.82,0.6,1.24,22.66,5,1.47
7/31/2004,0.44,0.22,0.05,3.27,0.72,1.06
8/31/2004,0.29,0.19,0.01,0.41,0.09,0.95
9/30/2004,0.3,0.2,0.01,0,0,0.94
10/31/2004,0.62,0.71,0.3,4.18,0.92,1.5
11/30/2004,0.7,0.82,0.91,5.84,1.29,0
12/31/2004,1.92,2.45,2.35,9.58,2.11,4.33
1/31/2005,8.58,12.14,2.28,16.63,3.67,17.36
2/28/2005,8.13,10.77,1.92,18.04,3.98,14.57
3/31/2005,15.21,20.42,4.07,31.25,6.9,25.97
4/30/2005,12.97,15.62,6.95,48.9,10.79,22.3
5/31/2005,13.96,13.77,26.83,174.73,38.56,36.97
6/30/2005,4.92,4.29,17.44,115.53,25.5,22.84
7/31/2005,1.72,1.94,2.58,33.83,7.47,0.07
8/31/2005,0.93,0.73,0.04,4.29,0.95,0
9/30/2005,0.63,0.5,0.01,0,0,1.74
10/31/2005,0.83,0.55,0.01,3.68,0.81,0.48
11/30/2005,0.72,0.89,0.36,3.84,0.85,1.25
12/31/2005,8.24,10.47,12.19,45.17,9.97,30.41
1/31/2006,14.56,15.48,5.69,49.94,11.02,24.95
2/28/2006,8.3,8.85,6.8,35.75,7.89,14.83
3/31/2006,19.63,22.04,3.94,33.39,7.37,37.43
4/30/2006,45.51,48.65,9.4,74.2,16.38,92.37
5/31/2006,18.05,17.19,24.44,178.19,39.33,54.65
6/30/2006,4.61,4.94,12.8,121.89,26.9,14.07
7/31/2006,2.21,2.34,0.84,18.91,4.17,2.47
8/31/2006,1.16,1.16,0.01,2.71,0.6,0.86
9/30/2006,0.7,0.61,0.01,0.92,0.2,1.9
10/31/2006,1.09,0.91,0.01,2.72,0.6,0.29
11/30/2006,1.36,1.33,0.74,5.07,1.12,3.03
12/31/2006,1.96,2.12,0.72,7.02,1.55,5.16
1/31/2007,1.82,2.31,1.56,4.5,0.99,6.34
2/28/2007,4.56,5.3,2.69,20.31,4.48,8.48
3/31/2007,6.61,6.82,5.86,27.06,5.97,19.52
4/30/2007,3.91,3.38,7.8,58.16,12.84,12.22
5/31/2007,2.66,2.52,7.75,63.3,13.97,5.53
6/30/2007,1.27,0.96,0.75,10.59,2.34,1.62
7/31/2007,0.49,0.5,0.03,4.42,0.98,0.43
8/31/2007,0.33,0.32,0.01,1.43,0.32,0
9/30/2007,0.36,0.35,0.01,2.75,0.61,0
10/31/2007,0.61,0.33,0.02,0,0,0.56
11/30/2007,0.57,0.26,0.03,1.38,0.3,1.44
12/31/2007,0.72,0.6,0.11,2.99,0.66,2.21
1/31/2008,2.62,3.03,0.54,4.93,1.09,5.8
2/29/2008,3.62,3.83,0.95,7.22,1.59,7.67
3/31/2008,4,4.43,3.44,21.3,4.7,8.93
4/30/2008,3.53,4.79,7.77,44.79,9.89,9.87
5/31/2008,2.66,2.9,12.04,95.85,21.15,9.36
6/30/2008,0.77,0.89,2.96,36.26,8,2.25
7/31/2008,0.34,0.15,0.07,4.45,0.98,0
8/31/2008,0.23,0.19,0.01,1.59,0.35,0
9/30/2008,0.2,0.12,0,1.85,0.41,0.31
10/31/2008,0.57,0.27,0.01,0.53,0.12,0
11/30/2008,1.08,0.42,0.61,8.39,1.85,0
12/31/2008,1.2,0.72,0.23,3.41,0.75,1.55
1/31/2009,2.02,2.08,3.78,13.49,2.98,4.52
2/28/2009,3.74,6.42,2.04,21.56,4.76,1.38
3/31/2009,10.97,17.65,4.48,38.37,8.47,13.06
4/30/2009,5.86,8.13,9.38,64.27,14.18,8.74
5/31/2009,6.52,6.29,19.43,142.69,31.49,28.06
6/30/2009,1.59,1.54,2.78,35.62,7.86,1.94
7/31/2009,0.97,0.66,0.11,6.08,1.34,0.42
8/31/2009,0.48,0.23,0.01,1.54,0.34,0.55
9/30/2009,0.24,0.22,0,1.94,0.43,0
10/31/2009,0.81,0.6,0.16,6.21,1.37,0
11/30/2009,0.56,0.39,0.03,2.02,0.45,0.51
12/31/2009,1.09,1.33,0.28,3.08,0.68,4.04
1/31/2010,3.24,4.16,0.88,8.36,1.85,5.29
2/28/2010,3.63,4.91,0.97,9.85,2.18,7.02
3/31/2010,5.8,7.64,3.09,21.21,4.68,9.6
4/30/2010,9.04,12.19,6.92,43.8,9.67,13.66
5/31/2010,9.25,11.21,13.61,90.6,20,19.29
6/30/2010,5.02,4.65,18.47,132.05,29.15,31.91
7/31/2010,1.6,1.44,1.28,20.27,4.47,1.87
8/31/2010,0.59,0.58,0.03,5.31,1.17,0
9/30/2010,0.61,0.25,0.01,2.5,0.55,0
10/31/2010,1.19,1.08,3.18,18.65,4.12,0
11/30/2010,1.67,1.84,1.55,13.44,2.97,1.17
12/31/2010,12.2,17.27,6.22,38.17,8.42,28.38
1/31/2011,7.26,9.32,3.55,22.48,4.96,12.65
2/28/2011,5.17,7.11,2.34,8.36,1.84,10.35
3/31/2011,23.6,31.57,4.27,44.7,9.87,46.92
4/30/2011,20.48,25.16,9.66,65.03,14.35,46.98
5/31/2011,14.89,17.87,15.83,98.78,21.8,36.03
6/30/2011,9.34,9.15,24.79,167.32,36.93,46.2
7/31/2011,3.32,3.23,9.97,86.2,19.02,11.8
8/31/2011,1.73,1.49,0.35,9.03,1.99,0.01
9/30/2011,0.9,0.83,0.02,2.47,0.55,0.58
10/31/2011,1.13,1.14,0.46,3.4,0.75,3.05
11/30/2011,1.35,1.05,0.18,3.52,0.78,0.59
12/31/2011,1.16,0.89,0.12,4.78,1.05,0
1/31/2012,2.39,1.74,2.12,10.84,2.39,2.75
2/29/2012,1.04,1.39,1.23,6.27,1.38,3.02
3/31/2012,4.9,6.07,4.02,22.12,4.88,12.55
4/30/2012,7.26,8.77,11.39,74.14,16.36,23.46
5/31/2012,3.33,2.91,7.82,62.41,13.77,15.38
6/30/2012,1.14,1.25,0.97,13.4,2.96,1.44
7/31/2012,0.47,0.71,0.04,3.27,0.72,0.61
8/31/2012,0.31,0.34,0.01,1.04,0.23,0
9/30/2012,0.22,0.24,0.01,1.18,0.26,0
10/31/2012,0.53,0.36,0.01,5.85,1.29,0
11/30/2012,0.87,1.23,1.65,11.73,2.59,0
12/31/2012,6.36,7.9,5.47,34.88,7.7,8.62
1/31/2013,3.38,3.06,2.23,13.17,2.91,4.25
2/28/2013,2.25,2.21,1.7,12.05,2.66,2.72
3/31/2013,2.63,2.68,4.81,31.89,7.04,3.43
4/30/2013,2.41,2.24,8.03,63.69,14.06,5.59
5/31/2013,1.16,0.91,5.18,56.42,12.45,0.27
6/30/2013,0.42,0.48,1.02,16.24,3.58,0
7/31/2013,0.31,0.36,0.07,5.6,1.24,0
8/31/2013,0.28,0.21,0.01,3,0.66,0
9/30/2013,0.2,0.15,0.01,4.61,1.02,0
10/31/2013,0.22,0.2,0.01,2.07,0.46,0
11/30/2013,0.33,0.24,0.02,2.66,0.59,0
12/31/2013,0.38,0.38,0.01,0.97,0.21,0
1/31/2014,0.35,0.18,0.31,2.27,0.5,0.48
2/28/2014,2.03,2.03,2.76,15.11,3.34,3.58
3/31/2014,2.31,2.4,4.49,24.15,5.33,3.3
4/30/2014,1.99,1.78,7.62,51.47,11.36,4.18
5/31/2014,0.85,0.66,6.69,56.74,12.52,1.41
6/30/2014,0.36,0.32,0.55,9.98,2.2,0.07
7/31/2014,0.22,0.12,0.02,2.79,0.62,0
8/31/2014,0.15,0.05,0.01,2.76,0.61,0
9/30/2014,0.11,0.07,0.01,2.05,0.45,0
10/31/2014,0.19,0.17,0.01,2.04,0.45,0
11/30/2014,0.37,0.33,0.21,2.85,0.63,0
12/31/2014,0.92,1.67,2.28,15.06,3.32,2.26
1/31/2015,0.43,0.39,1.22,8,1.76,0
2/28/2015,2.47,2.59,4.99,36.96,8.16,6.74
3/31/2015,0.76,0.47,2.04,20.54,4.53,2.79
4/30/2015,0.92,0.48,2.49,20.84,4.6,2.87
5/31/2015,0.55,0.56,2.29,26.19,5.78,1.72
6/30/2015,0.24,0.26,0.51,7.65,1.69,0
7/31/2015,0.12,0.08,0.03,5.62,1.19,0
8/31/2015,0.13,0.02,0,1.17,0.31,0
9/30/2015,0.11,0.01,0,1.5,0.33,0
10/31/2015,0.15,0.1,0.01,1.13,0.27,0
11/30/2015,0.31,0.33,1.26,3.45,0.77,0.31
12/31/2015,2.29,2.92,1.67,13.15,2.89,2.98
1/31/2016,5.72,6.71,2.18,23.05,5.1,8.31
2/29/2016,4.34,5.18,3.21,31.39,6.93,4.05
3/31/2016,15.05,17.37,9.32,60.65,13.4,25.94
4/30/2016,4.96,4.83,12.78,73.26,16.11,20.47
5/31/2016,2.76,2.54,12.94,91.57,20.28,12.6
6/30/2016,0.66,0.95,4.21,48.91,10.76,0
7/31/2016,0.53,0.49,0.12,9.38,2.03,0
8/31/2016,0.24,0.21,0.01,6.6,1.43,0
9/30/2016,0.16,0.17,0,3.41,0.77,0
10/31/2016,0.57,0.96,2.8,25.07,5.55,0
11/30/2016,1.05,1.07,1.23,12.8,2.81,0.15
12/31/2016,4.47,6.5,8.73,45.59,10.07,8.74
1/31/2017,30.47,40.82,10.47,70.59,15.58,64.54
2/28/2017,56.98,67.26,13.76,78.76,17.09,142.37
3/31/2017,20.73,22.28,8.82,54.56,12.35,42.64
4/30/2017,23.84,24.04,13.79,80.72,17.82,47.89
5/31/2017,10.72,9.71,24.42,155.65,34.35,54.39
6/30/2017,4.21,3.81,16.29,156.44,34.5,18.88
7/31/2017,2.51,1.94,1.8,40.29,8.87,0
8/31/2017,1.38,1.13,0.02,6.02,1.33,0
9/30/2017,0.77,0.83,0.01,3.58,0.81,0
10/31/2017,0.64,0.76,0.01,3.54,0.79,0
11/30/2017,1.59,1.62,4.21,24.39,5.38,0.69
12/31/2017,1.13,0.81,0.75,6.76,1.52,1.67
1/31/2018,2.28,2.12,3.09,20.75,4.57,2.79
2/28/2018,1.38,0.83,1.17,10.56,2.29,0.66
3/31/2018,12.52,14.78,5.87,46.76,10.47,26.6
4/30/2018,11.74,10.7,14.45,95.06,20.89,33.85
5/31/2018,4.05,3.15,6.69,69.26,15.28,6.78
6/30/2018,1.47,1.59,0.89,17.65,3.9,0
7/31/2018,0.71,0.81,0.03,4.7,1.01,0
8/31/2018,0.45,0.41,0,4.9,1.09,0
9/30/2018,0.3,0.3,0,1.41,0.3,0
10/31/2018,0.81,0.47,0.01,1.44,0.32,0
11/30/2018,0.66,0.94,0.2,2.85,0.59,0
12/31/2018,1.06,1.14,0.72,5.39,1.18,0.1
1/31/2019,6.63,7.64,1.17,14.44,3.24,6.21
2/28/2019,18.52,25.59,2.42,31.4,6.92,30.71
3/31/2019,28.75,33.33,3.59,29.91,6.61,49.13
4/30/2019,21.56,22.82,16.07,93.99,20.81,48.16
5/31/2019,14.57,15.38,17.3,131.48,29.01,32.97
6/30/2019,7.56,6.94,21.09,150.55,33.17,48.91
7/31/2019,2.61,2.83,2.42,42.77,9.46,0
8/31/2019,1.71,1.35,0.05,3.77,0.84,3.19
9/30/2019,1.29,0.89,0.01,2.09,0.45,1.52
10/31/2019,1.01,0.92,0.01,2.27,0.44,0.48
11/30/2019,1.04,1.01,0.01,1.03,0.25,2.46
12/31/2019,4.48,5.03,0.56,9.64,2.12,5.96
1/31/2020,2.26,2.38,0.73,6.26,1.36,5.84
2/29/2020,1.71,1.51,1.54,7.34,1.7,2.96
3/31/2020,4.27,4.89,2.39,15.24,3.38,6.29
4/30/2020,9.08,10.85,8.59,57.37,12.72,21.43
5/31/2020,3.71,4.73,10.02,94.81,20.92,11.25
6/30/2020,1.9,1.48,1.24,21.66,4.76,1.9
7/31/2020,1.4,0.49,0.05,5.28,1.16,0
8/31/2020,0.4,0.33,0.01,2.68,0.58,0
9/30/2020,0.58,0.29,0,1.52,0.31,0
10/31/2020,0.24,0.29,0,1.18,0.21,0
11/30/2020,0.43,0.6,0.02,2.15,0.5,0.36
12/31/2020,0.61,0.83,0.13,2.4,0.54,1.08
1/31/2021,1.01,1.73,0.45,2.72,0.61,2.06
2/28/2021,1.72,1.64,1.12,7.5,1.65,3.54
3/31/2021,2.58,2.48,1.78,11.1,2.46,4.75
4/30/2021,1.89,1.52,7.29,44.55,9.93,7.52
5/31/2021,0.63,0.54,4.74,50.78,11.14,6.06
6/30/2021,1.13,0.4,0.27,7.83,1.7,0
7/31/2021,0.95,0.12,0.02,1.89,0.46,0.16
8/31/2021,0.18,0.06,0,2.29,0.45,0
9/30/2021,0.11,0.06,0,1.75,0.38,0
