,11317000,11318500,11315000,MKM,EBMUD
9/30/1921,,,,,
10/31/1921,0.201064463,-901,-901,2.3,-901
11/30/1921,0.278479339,-901,-901,2.4,-901
12/31/1921,1.586380165,-901,-901,11.5,-901
1/31/1922,2.04753719,-901,-901,21.5,-901
2/28/1922,7.44753719,-901,-901,59.9,-901
3/31/1922,7.685950413,-901,-901,57.4,-901
4/30/1922,12.04363636,-901,-901,108.3,-901
5/31/1922,18.39709091,-901,-901,334.2,-901
6/30/1922,5.563636364,-901,-901,283.8,-901
7/31/1922,0.971504132,-901,-901,39.8,-901
8/31/1922,0.341256198,-901,-901,3.1,-901
9/30/1922,0.176727273,-901,-901,1.1,-901
10/31/1922,0.308052893,-901,-901,3.5,-901
11/30/1922,0.874710744,-901,-901,10.6,-901
12/31/1922,6.161057851,-901,-901,60.3,-901
1/31/1923,4.021289256,-901,-901,46.6,-901
2/28/1923,3.820958678,-901,-901,35,-901
3/31/1923,4.328727273,-901,-901,46.2,-901
4/30/1923,12.14479339,-901,-901,129,-901
5/31/1923,5.515438017,-901,-901,231.2,-901
6/30/1923,1.916033058,-901,-901,111,-901
7/31/1923,0.590280992,-901,-901,30.6,-901
8/31/1923,0.248409917,-901,-901,1.7,-901
9/30/1923,0.236826446,-901,-901,3.7,-901
10/31/1923,0.385527273,-901,-901,8.2,-901
11/30/1923,0.364760331,-901,-901,5.1,-901
12/31/1923,0.545395041,-901,-901,5.5,-901
1/31/1924,0.823933884,-901,-901,8.4,-901
2/29/1924,1.265454545,-901,-901,16.9,-901
3/31/1924,0.639471074,-901,-901,18.6,-901
4/30/1924,0.999669421,-901,-901,55.7,-901
5/31/1924,0.293910744,-901,-901,69.4,-901
6/30/1924,0.056707438,-901,-901,2.2,-901
7/31/1924,0.013711736,-901,-901,0,-901
8/31/1924,0.012297521,-901,-901,0,-901
9/30/1924,0.023385124,-901,-901,0,-901
10/31/1924,0.298214876,-901,-901,6,-901
11/30/1924,0.731900826,-901,-901,20,-901
12/31/1924,1.444958678,-901,-901,23.9,-901
1/31/1925,1.168264463,-901,-901,23.4,-901
2/28/1925,11.81831405,-901,-901,107.9,-901
3/31/1925,5.20185124,-901,-901,83.7,-901
4/30/1925,12.18644628,-901,-901,169.4,-901
5/31/1925,6.339371901,-901,-901,246.5,-901
6/30/1925,1.856528926,-901,-901,129.3,-901
7/31/1925,0.424879339,-901,-901,19.8,-901
8/31/1925,0.126664463,-901,-901,2.1,-901
9/30/1925,0.138049587,-901,-901,3.2,-901
10/31/1925,0.308667769,-901,-901,4.1,-901
11/30/1925,0.493884298,-901,-901,6.3,-901
12/31/1925,0.582287603,-901,-901,14.9,-901
1/31/1926,0.92846281,-901,-901,14.6,-901
2/28/1926,4.009785124,-901,-901,39.2,-901
3/31/1926,2.305785124,-901,-901,49.2,-901
4/30/1926,6.521652893,-901,-901,136.4,-901
5/31/1926,1.260495868,-901,-901,94.5,-901
6/30/1926,0.273719008,-901,-901,15.9,-901
7/31/1926,0.044455537,-901,-901,0.9,-901
8/31/1926,0.027177521,-901,-901,0,-901
9/30/1926,0.030168595,-901,-901,0,-901
10/31/1926,0.174624793,-901,-901,2.2,-901
11/30/1926,3.391735537,-901,-901,31.3,-901
12/31/1926,1.85077686,-901,-901,37.1,-901
1/31/1927,2.631669421,-901,-901,41.6,-901
2/28/1927,11.6294876,-901,-901,105.4,-901
3/31/1927,8.140958678,-901,-901,82.3,-901
4/30/1927,14.60826446,-901,-901,159.4,-901
5/31/1927,6.554578512,-901,-901,210.8,-901
6/30/1927,2.124297521,-901,-901,189.1,-901
7/31/1927,0.651768595,-901,-901,31.9,-901
8/31/1927,0.236112397,-901,-901,3.1,-901
9/30/1927,0.198743802,-901,-901,1.8,-901
10/31/1927,0.633322314,-901,0.1488,7.978330579,7.978330579
11/30/1927,1.279338843,-901,1.785123967,30.99639669,30.99639669
12/31/1927,1.180561983,-901,0.860826446,18.01626446,18.01626446
1/31/1928,1.29738843,-901,0.73785124,22.62722314,22.62722314
2/29/1928,2.824264463,-901,0.632727273,31.70723967,31.70723967
3/31/1928,14.2282314,-901,12.78327273,187.5562231,187.5562231
4/30/1928,10.3953719,-901,10.01454545,131.2112562,131.2112562
5/31/1928,3.215801653,-901,13.89004959,172.0244545,172.0244545
6/30/1928,0.880661157,-901,1.118677686,28.91364463,28.91364463
7/31/1928,0.320965289,-901,0.115596694,4.756429752,4.756429752
8/31/1928,0.094690909,-901,0.061487603,0,-0.206561983
9/30/1928,0.080330579,-901,0.044806612,0.219041322,0.219041322
10/31/1928,0.160482645,-901,0.06825124,1.38453719,1.38453719
11/30/1928,0.536727273,-901,0.144595041,3.491289256,3.491289256
12/31/1928,0.817785124,-901,0.483292562,5.694454545,5.694454545
1/31/1929,0.811636364,-901,0.303133884,7.222826446,7.222826446
2/28/1929,1.832727273,-901,0.33322314,13.79724793,13.79724793
3/31/1929,2.219702479,-901,2.502545455,32.25816529,32.25816529
4/30/1929,4.355702479,-901,5.355371901,66.44919835,66.44919835
5/31/1929,2.447206612,-901,13.39814876,145.7581818,145.7581818
6/30/1929,1.225785124,-901,4.647272727,62.54233058,62.54233058
7/31/1929,0.195530579,-901,0.198604959,5.613140496,5.613140496
8/31/1929,0.059888926,-901,0.083008264,0.077,0.077
9/30/1929,0.051768595,-901,0.037309091,0,-0.864355372
10/31/1929,0.094690909,-901,0.032526942,1.24677686,1.24677686
11/30/1929,0.157090909,-901,0.036476033,1.447454545,1.447454545
12/31/1929,0.569990083,-901,1.371173554,20.26920661,20.26920661
1/31/1930,1.537190083,-901,1.229752066,19.28721488,19.28721488
2/28/1930,2.054876033,-901,1.943801653,31.89754545,31.89754545
3/31/1930,5.976595041,-901,3.621619835,66.33866942,66.33866942
4/30/1930,4.748429752,-901,9.056528926,116.0983306,116.0983306
5/31/1930,2.631669421,-901,9.29692562,116.2754628,116.2754628
6/30/1930,0.684297521,-901,4.385454545,80.46253719,80.46253719
7/31/1930,0.087312397,-901,0.098380165,6.599181818,6.599181818
8/31/1930,0.035293884,-901,0.019061157,1.158289256,1.158289256
9/30/1930,0.051352066,-901,0.01785124,1.275429752,1.275429752
10/31/1930,0.126049587,-901,0.022197025,1.961595041,1.961595041
11/30/1930,0.525421488,-901,0.041057851,5.643338843,5.643338843
12/31/1930,0.325269421,-901,0.135272727,3.595280992,3.595280992
1/31/1931,0.73785124,-901,0.491900826,6.418867769,6.418867769
2/28/1931,1.021884298,-901,0.555371901,14.56828099,14.56828099
3/31/1931,1.131371901,-901,2.42261157,27.6027686,27.6027686
4/30/1931,0.648595041,-901,7.747438017,70.80638017,70.80638017
5/31/1931,0.256403306,-901,5.269487603,71.61839669,71.61839669
6/30/1931,0.128528926,-901,0.910413223,12.61601653,12.61601653
7/31/1931,0.022627438,-901,0.028345785,1.380115702,1.380115702
8/31/1931,0.00436562,-901,0.000799339,0,-0.445818182
9/30/1931,0.008747107,-901,0,0,-0.218636364
10/31/1931,0.053186777,-901,0.007317025,0,-0.640454545
11/30/1931,0.251107438,-901,0.020231405,3.872884298,3.872884298
12/31/1931,3.062082645,-901,0.061487603,19.33945455,19.33945455
1/31/1932,2.04138843,-901,0.092231405,23.24983471,23.24983471
2/29/1932,6.568859504,-901,0.345123967,58.06213223,58.06213223
3/31/1932,5.318677686,-901,3.369520661,68.04844628,68.04844628
4/30/1932,6.485950413,-901,8.342479339,109.8043058,109.8043058
5/31/1932,7.981090909,-901,18.47702479,231.123281,231.123281
6/30/1932,2.433719008,-901,13.97157025,199.0442231,199.0442231
7/31/1932,0.55646281,-901,0.916165289,31.50978512,31.50978512
8/31/1932,0.136502479,-901,0.023795702,3.87146281,3.87146281
9/30/1932,0.088661157,-901,0.005950413,1.913471074,1.913471074
10/31/1932,0.137117355,-901,0.00614876,0.475289256,0.475289256
11/30/1932,0.233256198,-901,0.008747107,1.587743802,1.587743802
12/31/1932,0.372614876,-901,0.012297521,3.61792562,3.61792562
1/31/1933,0.445785124,-901,0.018446281,5.350107438,5.350107438
2/28/1933,0.921917355,-901,0.016661157,9.165305785,9.165305785
3/31/1933,2.637818182,-901,0.114981818,28.31838017,28.31838017
4/30/1933,2.927603306,-901,4.730578512,64.01530579,64.01530579
5/31/1933,4.414809917,-901,9.438347107,122.6067521,122.6067521
6/30/1933,2.100495868,-901,12.21024793,169.7457355,169.7457355
7/31/1933,0.30374876,-901,0.311742149,16.84050413,16.84050413
8/31/1933,0.174009917,-901,0.014449587,4.34731405,4.34731405
9/30/1933,0.064859504,-901,0.006545455,3.928132231,3.928132231
10/31/1933,0.200449587,0.2976,0.047406942,5.608099174,5.608099174
11/30/1933,0.275504132,0.430214876,0.088661157,5.896719008,5.896719008
12/31/1933,1.408066116,2.109024793,0.47591405,20.02668595,20.02668595
1/31/1934,1.789289256,2.576330579,1.026842975,25.35216529,25.35216529
2/28/1934,2.515834711,3.293355372,1.338446281,28.8991157,28.8991157
3/31/1934,2.059834711,2.834578512,7.778181818,73.34712397,73.34712397
4/30/1934,0.827107438,1.094876033,7.40231405,79.2492314,79.2492314
5/31/1934,0.384912397,0.707107438,3.080528926,40.8914876,40.8914876
6/30/1934,0.215404959,0.395107438,1.416198347,21.19753719,21.19753719
7/31/1934,0.067021488,0.06130314,0.051342149,0.818768595,0.818768595
8/31/1934,0.022996364,0.002398017,0.007562975,0.126710744,0.126710744
9/30/1934,0.033143802,0.007735537,0.014876033,0.071900826,0.071900826
10/31/1934,0.091616529,0.150029752,0.040889256,0.550140496,0.550140496
11/30/1934,0.423669421,0.606942149,1.041322314,12.80483471,12.80483471
12/31/1934,0.504813223,0.787041322,1.014545455,13.09571901,13.09571901
1/31/1935,1.924561983,3.197355372,1.229752066,23.67106612,23.67106612
2/28/1935,2.371438017,3.465520661,1.110743802,33.48405785,33.48405785
3/31/1935,3.35107438,4.912859504,1.930710744,41.73339669,41.73339669
4/30/1935,18.19041322,24.40264463,12.92429752,179.4257603,179.4257603
5/31/1935,8.214743802,8.977190083,22.65203306,230.3502397,230.3502397
6/30/1935,2.255206612,2.36231405,12.42446281,152.9382066,152.9382066
7/31/1935,0.657917355,0.946909091,0.510347107,16.49627273,16.49627273
8/31/1935,0.153719008,0.384912397,0.018261818,1.585760331,1.585760331
9/30/1935,0.057719008,0.222545455,0.011900826,1.443206612,1.443206612
10/31/1935,0.301904132,0.509732231,0.02976,3.695429752,3.695429752
11/30/1935,0.420099174,0.595041322,0.079735537,4.297289256,4.297289256
12/31/1935,0.522644628,0.719404959,0.099609917,5.532338843,5.532338843
1/31/1936,3.750743802,4.949752066,4.08892562,40.00659504,40.00659504
2/29/1936,18.85527273,28.8408595,4.872,138.4269504,138.4269504
3/31/1936,9.881057851,12.87550413,4.297983471,101.7059587,101.7059587
4/30/1936,10.59173554,13.41818182,14.41785124,187.2816198,187.2816198
5/31/1936,5.066578512,5.601520661,21.88343802,245.9497355,245.9497355
6/30/1936,2.653884298,3.409586777,11.62115702,144.7128595,144.7128595
7/31/1936,0.848528926,1.346578512,0.639471074,22.3941405,22.3941405
8/31/1936,0.282228099,0.725553719,0.025578843,5.031826446,5.031826446
9/30/1936,0.231471074,0.618842975,0.01267438,2.548421488,2.548421488
10/31/1936,0.304363636,0.664066116,0.013465785,3.25231405,3.25231405
11/30/1936,0.326677686,0.600991736,0.012317355,3.371727273,3.371727273
12/31/1936,0.657917355,0.953057851,0.043840661,7.666818182,7.666818182
1/31/1937,0.707107438,0.830082645,0.030743802,6.571644628,6.571644628
2/28/1937,8.769322314,14.00092562,0.27768595,61.41549587,61.41549587
3/31/1937,9.235438017,13.4534876,1.395768595,74.00233058,74.00233058
4/30/1937,12.08528926,15.57818182,7.152396694,127.4106694,127.4106694
5/31/1937,10.45289256,11.4551405,24.23226446,279.6100826,279.6100826
6/30/1937,2.737190083,3.338181818,8.110413223,117.8644793,117.8644793
7/31/1937,0.93461157,1.555636364,0.298214876,16.08509091,16.08509091
8/31/1937,0.316661157,0.903867769,0.017646942,3.51953719,3.51953719
9/30/1937,0.268363636,0.551603306,0.006723967,2.223231405,2.223231405
10/31/1937,0.386142149,0.713256198,0.016048264,3.506528926,3.506528926
11/30/1937,0.70214876,0.868760331,0.230280992,6.58546281,6.58546281
12/31/1937,4.150413223,4.900561983,9.868760331,125.4109008,125.4109008
1/31/1938,2.311933884,3.197355372,1.149818182,27.51254545,27.51254545
2/28/1938,11.84052893,20.65983471,0.666446281,78.2478595,78.2478595
3/31/1938,24.6134876,35.48449587,2.152066116,158.3528926,158.3528926
4/30/1938,19.30909091,24.30743802,9.348099174,180.9501322,180.9501322
5/31/1938,19.79900826,21.9633719,25.54809917,335.0542314,335.0542314
6/30/1938,7.58677686,7.18214876,19.83867769,265.418876,265.418876
7/31/1938,2.41646281,2.945256198,1.936859504,51.07914876,51.07914876
8/31/1938,1.137520661,1.49414876,0.094076033,8.568950413,8.568950413
9/30/1938,0.654545455,1.118677686,0.029752066,4.644016529,4.644016529
10/31/1938,0.92231405,1.543338843,0.316046281,7.957900826,7.957900826
11/30/1938,1.100826446,1.60661157,0.928264463,13.37652066,13.37652066
12/31/1938,1.094479339,1.623272727,0.93461157,13.45087603,13.45087603
1/31/1939,1.211305785,1.820033058,0.51465124,13.13503306,13.13503306
2/28/1939,1.727206612,2.032661157,0.499834711,15.62484298,15.62484298
3/31/1939,3.504793388,4.138115702,3.670809917,55.67395868,55.67395868
4/30/1939,3.713057851,4.105785124,10.12165289,126.2129669,126.2129669
5/31/1939,1.524892562,1.789289256,5.429355372,76.46293388,76.46293388
6/30/1939,0.678347107,0.874710744,0.797355372,17.10020661,17.10020661
7/31/1939,0.23242314,0.45562314,0.083008264,2.318760331,2.318760331
8/31/1939,0.091001653,0.348019835,0.00873124,0.915933884,0.915933884
9/30/1939,0.105322314,0.322512397,0.012495868,2.131041322,2.131041322
10/31/1939,0.347404959,0.719404959,0.374459504,8.599330579,8.599330579
11/30/1939,0.264198347,0.690247934,0.080330579,4.239446281,4.239446281
12/31/1939,0.383682645,0.774743802,0.450089256,9.387669421,9.387669421
1/31/1940,6.13031405,10.62505785,4.998942149,81.37220661,81.37220661
2/29/1940,12.25765289,16.91107438,2.657454545,95.34933058,95.34933058
3/31/1940,17.16119008,20.96112397,8.798876033,157.9491322,157.9491322
4/30/1940,13.1385124,13.7692562,11.34743802,168.1927934,168.1927934
5/31/1940,2.976,3.855272727,20.13104132,240.1308843,240.1308843
6/30/1940,1.213884298,1.95768595,5.676694215,90.08214876,90.08214876
7/31/1940,0.73785124,1.11292562,0.154333884,8.810859504,8.810859504
8/31/1940,0.349864463,0.713256198,0.021828099,3.177214876,3.177214876
9/30/1940,0.30585124,0.678347107,0.011900826,2.351008264,2.351008264
10/31/1940,1.020694215,0.762446281,0.012481983,3.389123967,3.389123967
11/30/1940,0.934214876,0.844958678,0.120198347,6.251115702,6.251115702
12/31/1940,3.105123967,4.193454545,1.647867769,31.54566116,31.54566116
1/31/1941,4.84522314,5.601520661,0.983801653,38.43439669,38.43439669
2/28/1941,8.141752066,13.75100826,2.749090909,69.40571074,69.40571074
3/31/1941,11.87940496,16.23272727,4.254942149,96.8083719,96.8083719
4/30/1941,10.3477686,14.12628099,6.402644628,107.2563471,107.2563471
5/31/1941,8.55907438,8.688198347,25.33904132,285.832314,285.832314
6/30/1941,2.653884298,3.21322314,12.84694215,166.8915289,166.8915289
7/31/1941,1.697057851,1.617123967,1.352727273,34.76130579,34.76130579
8/31/1941,0.372614876,0.940760331,0.055707769,4.637727273,4.637727273
9/30/1941,0.455206612,0.815206612,0.013864463,3.492173554,3.492173554
10/31/1941,0.425494215,0.842380165,0.016847603,4.19131405,4.19131405
11/30/1941,0.755702479,0.934214876,0.666446281,11.72580992,11.72580992
12/31/1941,3.209652893,3.621619835,4.328727273,66.45545455,66.45545455
1/31/1942,10.11471074,14.63404959,3.16661157,97.06213223,97.06213223
2/28/1942,11.85719008,14.03424793,1.777190083,76.10601653,76.10601653
3/31/1942,6.148760331,8.104066116,2.299636364,60.90219835,60.90219835
4/30/1942,12.81123967,16.92892562,9.00892562,153.3242149,153.3242149
5/31/1942,12.88780165,15.16284298,16.06056198,221.3897107,221.3897107
6/30/1942,6.003966942,6.075371901,20.23735537,241.0781818,241.0781818
7/31/1942,1.961454545,2.582479339,2.268892562,51.96090083,51.96090083
8/31/1942,1.039140496,1.401917355,0.02976,8.196603306,8.196603306
9/30/1942,0.672396694,1.041322314,0.009699174,4.170752066,4.170752066
10/31/1942,0.645619835,0.916165289,-901,3.573520661,3.573520661
11/30/1942,3.96892562,3.129917355,-901,35.214,35.214
12/31/1942,3.553983471,4.181157025,-901,52.82552893,52.82552893
1/31/1943,12.02082645,16.82300826,-901,107.0813802,107.0813802
2/28/1943,9.891173554,11.55173554,-901,76.40336364,76.40336364
3/31/1943,24.09084298,30.0858843,-901,192.3934793,192.3934793
4/30/1943,10.37752066,11.37719008,-901,184.4291736,184.4291736
5/31/1943,5.447801653,5.706049587,-901,208.4400579,208.4400579
6/30/1943,2.850247934,3.177520661,-901,113.8097686,113.8097686
7/31/1943,1.420363636,1.697057851,-901,25.94900826,25.94900826
8/31/1943,0.971504132,0.965355372,-901,7.027140496,7.027140496
9/30/1943,0.672396694,0.684297521,-901,3.378438017,3.378438017
10/31/1943,2.084429752,0.836231405,0.00614876,5.682099174,5.682099174
11/30/1943,0.797355372,1.047272727,0.011900826,4.558297521,4.558297521
12/31/1943,1.076033058,1.285090909,0.122975207,8.556297521,8.556297521
1/31/1944,1.844628099,2.121322314,0.307438017,13.03395041,13.03395041
2/29/1944,2.743735537,3.589289256,0.460165289,23.08067769,23.08067769
3/31/1944,4.568528926,6.265586777,2.152066116,46.74559504,46.74559504
4/30/1944,4.165289256,5.135206612,4.617520661,66.8367438,66.8367438
5/31/1944,4.734545455,5.712198347,17.25957025,189.0843554,189.0843554
6/30/1944,1.951735537,1.939834711,5.765950413,79.81389256,79.81389256
7/31/1944,0.470380165,0.836231405,0.317890909,12.11282645,12.11282645
8/31/1944,0.257018182,0.538631405,0.021643636,2.974677686,2.974677686
9/30/1944,0.243371901,0.437355372,0.010710744,0.691231405,0.691231405
10/31/1944,0.518955372,0.676363636,0.195530579,2.313801653,2.313801653
11/30/1944,2.338512397,3.201322314,2.165950413,33.7852314,33.7852314
12/31/1944,2.133619835,2.853024793,2.176661157,34.94507438,34.94507438
1/31/1945,1.943008264,2.514842975,1.537190083,27.57281818,27.57281818
2/28/1945,11.91828099,18.48833058,4.909487603,112.6609256,112.6609256
3/31/1945,6.573024793,8.768132231,2.072132231,56.2918595,56.2918595
4/30/1945,7.598677686,9.52661157,9.699173554,123.004281,123.004281
5/31/1945,5.220297521,5.374016529,17.63464463,208.7516281,208.7516281
6/30/1945,2.380165289,2.534876033,10.44892562,148.9165207,148.9165207
7/31/1945,0.953057851,1.211305785,0.502968595,23.56029752,23.56029752
8/31/1945,0.36277686,0.762446281,0.013896198,5.567710744,5.567710744
9/30/1945,0.246942149,0.660495868,0.007140496,2.457958678,2.457958678
10/31/1945,0.549084298,1.137520661,0.725553719,9.130289256,9.130289256
11/30/1945,1.588760331,2.380165289,1.713719008,35.62282645,35.62282645
12/31/1945,10.18849587,13.04766942,3.504793388,84.3416281,84.3416281
1/31/1946,6.966545455,7.895008264,1.721652893,60.55969421,60.55969421
2/28/1946,3.537719008,4.448528926,1.371768595,32.96409917,32.96409917
3/31/1946,7.052628099,8.288528926,3.959801653,75.28455372,75.28455372
4/30/1946,8.324628099,9.443305785,12.66247934,153.4666446,153.4666446
5/31/1946,4.882115702,4.875966942,19.23947107,207.4871736,207.4871736
6/30/1946,1.749421488,2.189752066,5.063801653,80.4214876,80.4214876
7/31/1946,0.842380165,1.266644628,0.196145455,10.40684298,10.40684298
8/31/1946,0.409507438,0.744,0.021828099,2.345603306,2.345603306
9/30/1946,0.32846281,0.618842975,0.00892562,1.695421488,1.695421488
10/31/1946,1.684760331,0.92231405,0.02361124,5.117347107,5.117347107
11/30/1946,2.154049587,2.766942149,0.525421488,18.75134711,18.75134711
12/31/1946,1.838479339,2.60707438,1.192859504,19.70328926,19.70328926
1/31/1947,1.180561983,1.893818182,0.897719008,12.7498595,12.7498595
2/28/1947,2.621355372,3.643239669,1.643900826,31.18719008,31.18719008
3/31/1947,3.455603306,6.51768595,3.615471074,57.6592314,57.6592314
4/30/1947,2.969256198,4.403305785,8.140165289,91.26838843,91.26838843
5/31/1947,1.155966942,1.67246281,10.96938843,130.7329256,130.7329256
6/30/1947,0.564694215,1.166280992,1.481652893,29.22755372,29.22755372
7/31/1947,0.290221488,0.58597686,0.048206281,2.58153719,2.58153719
8/31/1947,0.164786777,0.450704132,0.007317025,1.442090909,1.442090909
9/30/1947,0.183272727,0.307636364,0.008509091,0,-0.145909091
10/31/1947,1.371173554,1.032991736,1.242049587,15.05076033,15.05076033
11/30/1947,0.559933884,1.112727273,1.07107438,12.75389256,12.75389256
12/31/1947,0.463001653,0.971504132,0.509117355,8.849842975,8.849842975
1/31/1948,1.032991736,1.506446281,3.277289256,28.7444876,28.7444876
2/29/1948,1.156165289,1.501289256,1.156165289,15.15884298,15.15884298
3/31/1948,2.477950413,4.261090909,1.49414876,29.81931405,29.81931405
4/30/1948,9.074380165,12.28165289,4.849586777,106.9659174,106.9659174
5/31/1948,9.186247934,10.62505785,15.83305785,206.3808099,206.3808099
6/30/1948,4.278347107,4.444958678,16.51834711,185.0243967,185.0243967
7/31/1948,0.891570248,1.586380165,0.842380165,25.1276281,25.1276281
8/31/1948,0.445170248,0.897719008,0.025578843,4.750347107,4.750347107
9/30/1948,0.217190083,0.540297521,0.006366942,2.772297521,2.772297521
10/31/1948,0.288991736,0.676363636,0.004734545,2.320115702,2.320115702
11/30/1948,0.392727273,0.809256198,0.146380165,4.896082645,4.896082645
12/31/1948,0.774743802,1.49414876,0.132813223,7.915975207,7.915975207
1/31/1949,0.73785124,1.235900826,0.21397686,6.859652893,6.859652893
2/28/1949,1.338446281,2.249256198,0.298234711,8.712826446,8.712826446
3/31/1949,6.031933884,8.497586777,0.539861157,45.88609917,45.88609917
4/30/1949,7.116694215,9.663471074,10.00264463,151.0308595,151.0308595
5/31/1949,5.816727273,6.788231405,17.46247934,204.5777438,204.5777438
6/30/1949,1.802975207,2.225454545,5.20661157,78.36756198,78.36756198
7/31/1949,0.464846281,0.971504132,0.121745455,5.081619835,5.081619835
8/31/1949,0.281613223,0.590280992,0.009530579,3.506727273,3.506727273
9/30/1949,0.293355372,0.500429752,0.004165289,1.837355372,1.837355372
10/31/1949,0.263166942,0.621024793,0.00614876,1.835363636,1.835363636
11/30/1949,0.509950413,1.005619835,0.109487603,4.535743802,4.535743802
12/31/1949,0.522644628,0.92231405,0.07747438,5.232165289,5.232165289
1/31/1950,3.314181818,4.820628099,1.654016529,36.57569421,36.57569421
2/28/1950,7.008793388,9.163636364,2.249256198,60.29665289,60.29665289
3/31/1950,6.898909091,8.184,3.055933884,70.19279339,70.19279339
4/30/1950,12.50181818,14.99504132,10.96066116,173.8539917,173.8539917
5/31/1950,6.542280992,6.794380165,21.42842975,228.3647851,228.3647851
6/30/1950,2.731239669,2.469421488,12.62082645,150.1104545,150.1104545
7/31/1950,0.989950413,1.469553719,0.731702479,21.37461157,21.37461157
8/31/1950,0.275464463,0.682512397,0.018815207,3.347760331,3.347760331
9/30/1950,0.417719008,0.522446281,0.008152066,3.776677686,3.776677686
10/31/1950,0.959206612,1.260495868,0.273004959,9.616595041,9.616595041
11/30/1950,13.24561983,16.06016529,21.87966942,270.4780331,270.4780331
12/31/1950,22.62743802,25.88013223,16.77381818,264.5022645,264.5022645
1/31/1951,11.52277686,13.43504132,3.080528926,93.37222314,93.37222314
2/28/1951,9.535735537,10.48542149,2.810181818,83.66436364,83.66436364
3/31/1951,9.967140496,12.37130579,3.566280992,88.80400826,88.80400826
4/30/1951,6.355041322,7.188099174,9.621818182,121.937843,121.937843
5/31/1951,6.394710744,7.409256198,11.44284298,156.7494876,156.7494876
6/30/1951,2.356363636,3.016859504,2.517024793,59.0431405,59.0431405
7/31/1951,1.389619835,1.961454545,0.109447934,11.12905785,11.12905785
8/31/1951,0.977652893,1.186710744,0.010329917,3.849355372,3.849355372
9/30/1951,0.519471074,0.73785124,0.005950413,3.234024793,3.234024793
10/31/1951,0.92846281,1.242049587,0.014265124,3.402471074,3.402471074
11/30/1951,1.576859504,2.17785124,0.568264463,12.93882645,12.93882645
12/31/1951,6.941950413,8.712793388,0.860826446,53.27561983,53.27561983
1/31/1952,10.48978512,15.9498843,0.885421488,80.44164463,80.44164463
2/29/1952,13.5288595,15.3637686,1.392,91.08355372,91.08355372
3/31/1952,12.75252893,17.32720661,1.721652893,96.38594215,96.38594215
4/30/1952,23.05190083,26.36033058,11.23438017,230.3339174,230.3339174
5/31/1952,21.6067438,22.62128926,30.4425124,367.935876,367.935876
6/30/1952,8.955371901,7.723636364,23.39702479,268.5556777,268.5556777
7/31/1952,3.590876033,3.793785124,5.134214876,93.53952066,93.53952066
8/31/1952,1.567933884,2.219702479,0.199834711,16.24227273,16.24227273
9/30/1952,1.148429752,1.511404959,0.040879339,9.540272727,9.540272727
10/31/1952,0.725553719,1.451107438,0.010329917,6.319694215,6.319694215
11/30/1952,1.386446281,1.785123967,0.022790083,8.693768595,8.693768595
12/31/1952,3.209652893,3.295735537,0.088542149,18.94838843,18.94838843
1/31/1953,7.532231405,7.858115702,2.674710744,65.15326446,65.15326446
2/28/1953,3.398876033,3.621024793,1.588363636,31.97197521,31.97197521
3/31/1953,5.134214876,6.191801653,2.920661157,51.5272314,51.5272314
4/30/1953,6.593057851,9.145785124,10.96066116,131.2277521,131.2277521
5/31/1953,7.335471074,7.403107438,11.5166281,140.597876,140.597876
6/30/1953,4.807933884,4.587768595,15.70909091,182.8715702,182.8715702
7/31/1953,1.555636364,2.268892562,1.967603306,43.87266942,43.87266942
8/31/1953,1.008396694,1.174413223,0.060503802,8.07068595,8.07068595
9/30/1953,0.636694215,0.880661157,0.007735537,5.162264463,5.162264463
10/31/1953,1.764694215,1.032991736,0.011498182,5.212396694,5.212396694
11/30/1953,1.939834711,1.368595041,0.158280992,9.483917355,9.483917355
12/31/1953,1.211305785,1.660165289,0.700958678,10.72266116,10.72266116
1/31/1954,1.752396694,2.889917355,0.866975207,18.75416529,18.75416529
2/28/1954,3.271140496,5.226049587,2.476958678,33.22130579,33.22130579
3/31/1954,8.331570248,9.868760331,5.540033058,84.0212562,84.0212562
4/30/1954,9.788429752,11.07371901,11.88297521,158.4925289,158.4925289
5/31/1954,4.187305785,4.420958678,13.68099174,166.7828347,166.7828347
6/30/1954,1.921983471,2.308760331,2.035041322,42.43142975,42.43142975
7/31/1954,0.940760331,1.235900826,0.089771901,12.86404132,12.86404132
8/31/1954,0.48206281,0.805487603,0.006517686,0,-1.935793388
9/30/1954,0.345123967,0.660495868,0.001963636,0.487528926,0.487528926
10/31/1954,0.613031405,0.799338843,0.008116364,1.314173554,1.314173554
11/30/1954,0.493289256,1.285289256,0.023980165,5.252380165,5.252380165
12/31/1954,2.582479339,3.240396694,0.694809917,19.32990909,19.32990909
1/31/1955,3.025190083,3.560132231,0.676363636,20.87091736,20.87091736
2/28/1955,3.310016529,3.665454545,0.833057851,24.35612397,24.35612397
3/31/1955,4.08277686,4.84522314,1.875371901,37.50200826,37.50200826
4/30/1955,4.552066116,5.986115702,5.05785124,65.91035537,65.91035537
5/31/1955,5.269487603,6.529983471,15.24277686,167.0038926,167.0038926
6/30/1955,1.910082645,1.916033058,6.069421488,92.03377686,92.03377686
7/31/1955,0.744,1.266644628,0.240416529,9.346008264,9.346008264
8/31/1955,0.419960331,0.713256198,0.009530579,2.703859504,2.703859504
9/30/1955,0.158280992,0.515305785,0.005950413,1.088289256,1.088289256
10/31/1955,0.277923967,0.73785124,0.00436562,1.906214876,1.906214876
11/30/1955,0.534347107,1.041322314,0.120198347,4.879933884,4.879933884
12/31/1955,23.89408264,28.5671405,15.99907438,238.7332231,238.7332231
1/31/1956,25.70181818,30.86677686,6.972694215,186.6705124,186.6705124
2/29/1956,10.39398347,11.56165289,2.720727273,77.1547686,77.1547686
3/31/1956,8.184,9.130909091,5.509289256,85.33939669,85.33939669
4/30/1956,7.687933884,8.907768595,10.24661157,124.7202149,124.7202149
5/31/1956,11.65190083,12.50657851,22.19087603,275.7309339,275.7309339
6/30/1956,3.843966942,3.605950413,16.00066116,207.0716033,207.0716033
7/31/1956,1.272793388,3.025190083,1.408066116,43.09745455,43.09745455
8/31/1956,1.094479339,1.586380165,0.04464,7.055380165,7.055380165
9/30/1956,1.225785124,1.166280992,0.012079339,4.919115702,4.919115702
10/31/1956,1.149818182,1.592528926,0.105143802,8.04722314,8.04722314
11/30/1956,1.505454545,1.594710744,0.636694215,9.690785124,9.690785124
12/31/1956,1.432661157,1.703206612,0.707107438,12.04004959,12.04004959
1/31/1957,1.567933884,2.336528926,0.462386777,13.29791736,13.29791736
2/28/1957,5.403768595,6.936595041,4.659570248,54.44010744,54.44010744
3/31/1957,10.12700826,11.91014876,3.584727273,86.11873554,86.11873554
4/30/1957,4.65322314,5.159008264,7.693884298,91.34600826,91.34600826
5/31/1957,7.120264463,7.981090909,15.42109091,181.016843,181.016843
6/30/1957,3.04661157,3.421487603,9.651570248,135.8944132,135.8944132
7/31/1957,0.725553719,1.795438017,0.243490909,14.56872727,14.56872727
8/31/1957,0.491900826,1.217454545,0.029329587,2.771644628,2.771644628
9/30/1957,0.552793388,0.88661157,0.014876033,2.853867769,2.853867769
10/31/1957,0.93461157,1.278942149,0.015064463,5.359702479,5.359702479
11/30/1957,0.969917355,1.332892562,0.561123967,9.291752066,9.291752066
12/31/1957,1.875371901,2.244297521,1.254347107,17.68578512,17.68578512
1/31/1958,2.957553719,4.015140496,1.340429752,25.72190909,25.72190909
2/28/1958,11.18519008,15.27828099,2.782413223,84.38257025,84.38257025
3/31/1958,15.48257851,20.35239669,1.641719008,97.2482314,97.2482314
4/30/1958,23.2661157,32.1738843,7.03338843,179.2188512,179.2188512
5/31/1958,16.43563636,18.66763636,27.04224793,353.5126364,353.5126364
6/30/1958,6.271735537,6.09322314,19.48165289,223.4413719,223.4413719
7/31/1958,2.650115702,2.902214876,2.404165289,57.51941322,57.51941322
8/31/1958,0.977652893,1.912264463,0.098995041,13.56666942,13.56666942
9/30/1958,0.827107438,1.320991736,0.015054545,5.24161157,5.24161157
10/31/1958,1.057586777,1.199008264,0.006333223,6.221677686,6.221677686
11/30/1958,1.005619835,1.434049587,0.021242975,7.244041322,7.244041322
12/31/1958,0.879272727,1.328132231,0.015248926,6.21561157,6.21561157
1/31/1959,2.79768595,3.295735537,2.232,30.8817686,30.8817686
2/28/1959,4.848396694,6.936595041,7.664132231,39.51261157,39.51261157
3/31/1959,4.328727273,5.091173554,4.377917355,55.57086777,55.57086777
4/30/1959,2.683636364,3.391735537,9.288595041,99.84254545,99.84254545
5/31/1959,1.48185124,1.832330579,7.501487603,93.65738017,93.65738017
6/30/1959,0.779504132,1.118677686,1.743471074,36.67827273,36.67827273
7/31/1959,0.633322314,0.707107438,0.026993058,6.216545455,6.216545455
8/31/1959,0.47898843,0.579213223,0.00614876,3.326991736,3.326991736
9/30/1959,0.527801653,0.916363636,0.085090909,5.242206612,5.242206612
10/31/1959,0.439021488,0.762446281,0.00614876,3.591099174,3.591099174
11/30/1959,0.479603306,0.72,0.005950413,2.454495868,2.454495868
12/31/1959,0.397209917,0.977652893,0.008546777,3.350595041,3.350595041
1/31/1960,0.854677686,1.881520661,0.026009256,7.639768595,7.639768595
2/29/1960,6.281256198,7.75953719,1.236694215,47.10573554,47.10573554
3/31/1960,4.949752066,7.323173554,5.257190083,74.7526281,74.7526281
4/30/1960,4.355702479,5.004297521,10.00264463,106.7861983,106.7861983
5/31/1960,3.055933884,3.916760331,10.88330579,124.5051405,124.5051405
6/30/1960,0.642644628,1.45785124,2.34446281,43.74891736,43.74891736
7/31/1960,0.319735537,0.817785124,0.075629752,4.989834711,4.989834711
8/31/1960,0.298829752,0.566300826,0.005349421,1.071595041,1.071595041
9/30/1960,0.289785124,0.493884298,0.004165289,2.569743802,2.569743802
10/31/1960,0.298829752,0.627173554,0.007747438,0.195264463,0.195264463
11/30/1960,0.910413223,1.297190083,0.137454545,4.486280992,4.486280992
12/31/1960,1.531041322,1.438809917,1.063735537,8.713495868,8.713495868
1/31/1961,0.92846281,0.965355372,0.621024793,7.521330579,7.521330579
2/28/1961,1.01077686,1.555041322,2.021553719,19.11095868,19.11095868
3/31/1961,1.352727273,2.582479339,2.373421488,28.90577686,28.90577686
4/30/1961,1.927933884,2.606280992,7.866446281,72.79287603,72.79287603
5/31/1961,1.623272727,1.936859504,8.823471074,104.8862479,104.8862479
6/30/1961,0.624793388,0.88661157,2.16,34.64101653,34.64101653
7/31/1961,0.168476033,0.429183471,0.054539504,3.385595041,3.385595041
8/31/1961,0.153719008,0.30067438,0.009346116,0.158380165,0.158380165
9/30/1961,0.191603306,0.370115702,0.010532231,2.088735537,2.088735537
10/31/1961,0.212132231,0.432872727,0.013465785,1.85522314,1.85522314
11/30/1961,0.340363636,0.696198347,0.048198347,3.231214876,3.231214876
12/31/1961,0.700958678,1.248198347,0.897719008,10.33358678,10.33358678
1/31/1962,0.549084298,1.026842975,0.75014876,8.644322314,8.644322314
2/28/1962,9.402446281,12.76244628,1.610578512,65.23818182,65.23818182
3/31/1962,6.536132231,8.712793388,2.065983471,49.25195868,49.25195868
4/30/1962,10.58578512,12.75173554,13.88231405,178.541,178.541
5/31/1962,5.251041322,5.048132231,13.96998347,166.2527273,166.2527273
6/30/1962,2.189752066,1.933884298,9.865785124,140.3365537,140.3365537
7/31/1962,0.731702479,0.92231405,0.518340496,18.68231405,18.68231405
8/31/1962,0.664066116,0.633322314,0.014449587,4.199950413,4.199950413
9/30/1962,0.191008264,0.427834711,0.005950413,1.629008264,1.629008264
10/31/1962,1.617123967,1.67861157,0.823933884,19.82657851,19.82657851
11/30/1962,0.749752066,0.88661157,0.109487603,8.297760331,8.297760331
12/31/1962,1.377322314,1.365024793,1.721652893,18.6838595,18.6838595
1/31/1963,3.080528926,5.38631405,4.218049587,43.91839669,43.91839669
2/28/1963,10.84641322,12.40700826,10.08555372,169.6311157,169.6311157
3/31/1963,5.158809917,6.419305785,2.244297521,47.06017355,47.06017355
4/30/1963,16.90512397,20.11834711,4.849586777,125.4047107,125.4047107
5/31/1963,14.5848595,14.82466116,21.6374876,268.3778347,268.3778347
6/30/1963,4.224793388,4.325950413,9.687272727,146.0796364,146.0796364
7/31/1963,2.04753719,2.201256198,0.568760331,27.8907686,27.8907686
8/31/1963,1.211305785,1.401917355,0.031912066,3.752115702,3.752115702
9/30/1963,0.827107438,1.100826446,0.016839669,4.586809917,4.586809917
10/31/1963,1.149818182,1.235900826,0.270545455,6.470661157,6.470661157
11/30/1963,2.570578512,3.165619835,3.379834711,40.78263636,40.78263636
12/31/1963,1.992198347,2.016793388,1.469553719,19.62115702,19.62115702
1/31/1964,2.760793388,3.172760331,1.069884298,17.70493388,17.70493388
2/29/1964,2.542413223,2.916297521,1.340231405,18.76605785,18.76605785
3/31/1964,2.711603306,3.54168595,2.465652893,27.62603306,27.62603306
4/30/1964,4.718677686,5.938512397,7.075041322,82.24344628,82.24344628
5/31/1964,4.464,4.943603306,10.31761983,142.9210909,142.9210909
6/30/1964,2.213553719,2.469421488,4.427107438,66.99818182,66.99818182
7/31/1964,0.866975207,1.143669421,0.231193388,7.285198347,7.285198347
8/31/1964,0.534942149,0.664066116,0.016847603,1.90968595,1.90968595
9/30/1964,0.492099174,0.583140496,0.008330579,2.111628099,2.111628099
10/31/1964,0.51465124,0.762446281,0.009530579,4.261768595,4.261768595
11/30/1964,2.469421488,2.647933884,1.320991736,15.2108595,15.2108595
12/31/1964,20.04495868,26.95616529,22.20932231,293.7688017,293.7688017
1/31/1965,21.30545455,27.18366942,3.603173554,150.9039835,150.9039835
2/28/1965,9.524628099,10.45765289,2.937917355,68.47949587,68.47949587
3/31/1965,7.366214876,7.851966942,4.187305785,57.29176033,57.29176033
4/30/1965,13.35272727,17.52396694,10.91900826,158.8266116,158.8266116
5/31/1965,8.270082645,8.024132231,17.33950413,205.8743388,205.8743388
6/30/1965,3.93322314,3.742809917,13.11471074,169.0111653,169.0111653
7/31/1965,1.875371901,2.188958678,2.471801653,47.90577686,47.90577686
8/31/1965,1.918413223,1.647867769,1.186710744,22.43409917,22.43409917
9/30/1965,1.124628099,1.213884298,0.084495868,9.969867769,9.969867769
10/31/1965,1.697057851,1.131371901,0.019061157,8.536446281,8.536446281
11/30/1965,3.06446281,3.61785124,1.297190083,28.87609917,28.87609917
12/31/1965,3.246545455,3.148165289,1.12522314,21.72605785,21.72605785
1/31/1966,2.957553719,3.375669421,0.768595041,22.84959504,22.84959504
2/28/1966,2.949024793,3.387768595,0.660892562,21.48485124,21.48485124
3/31/1966,4.543933884,5.269487603,4.131966942,71.07160331,71.07160331
4/30/1966,5.617190083,4.992396694,11.96628099,139.4711157,139.4711157
5/31/1966,2.065983471,2.158214876,9.653553719,128.3687273,128.3687273
6/30/1966,0.88661157,1.267438017,0.684297521,15.73721488,15.73721488
7/31/1966,0.441480992,0.719404959,0.032158017,3.73185124,3.73185124
8/31/1966,0.330803306,0.483292562,0.004734545,1.523140496,1.523140496
9/30/1966,0.708099174,0.446280992,0.001190083,3.135834711,3.135834711
10/31/1966,0.830082645,0.496204959,0.002766942,2.445801653,2.445801653
11/30/1966,1.100826446,1.707768595,1.231735537,17.92808264,17.92808264
12/31/1966,6.161057851,8.534479339,3.35107438,72.45269421,72.45269421
1/31/1967,5.58922314,8.571371901,1.617123967,50.89046281,50.89046281
2/28/1967,6.264595041,7.66968595,2.338115702,56.09916529,56.09916529
3/31/1967,13.49038017,15.85765289,6.960396694,120.3282727,120.3282727
4/30/1967,14.75702479,16.67305785,2.475371901,102.7100413,102.7100413
5/31/1967,22.27695868,25.51120661,19.17798347,294.8743967,294.8743967
6/30/1967,8.878016529,9.002975207,23.95041322,292.4638182,292.4638182
7/31/1967,3.480198347,3.049785124,7.710545455,124.6782893,124.6782893
8/31/1967,1.709355372,1.703206612,0.11313719,11.72500826,11.72500826
9/30/1967,1.166280992,1.332892562,0.025170248,2.647041322,2.647041322
10/31/1967,1.235900826,1.635570248,0.062717355,4.605239669,4.605239669
11/30/1967,0.892561983,1.463801653,0.053613223,4.630603306,4.630603306
12/31/1967,1.340429752,2.084429752,0.468535537,9.555157025,9.555157025
1/31/1968,1.801586777,2.459504132,0.885421488,15.40743802,15.40743802
2/29/1968,4.739702479,6.137454545,5.349421488,68.54719008,68.54719008
3/31/1968,5.361719008,5.613818182,3.886016529,59.35514876,59.35514876
4/30/1968,3.897520661,4.296198347,7.789090909,87.37954545,87.37954545
5/31/1968,1.875371901,2.232,7.99338843,114.7492397,114.7492397
6/30/1968,0.767603306,1.124628099,1.100826446,35.61854545,35.61854545
7/31/1968,0.506657851,0.589666116,0.035539835,4.261768595,4.261768595
8/31/1968,0.341256198,0.536786777,0.021459174,3.572280992,3.572280992
9/30/1968,0.312396694,0.446280992,0.013031405,2.284066116,2.284066116
10/31/1968,0.467920661,0.676363636,0.033572231,5.488289256,5.488289256
11/30/1968,1.416198347,1.660165289,2.981157025,35.0155124,35.0155124
12/31/1968,2.102876033,3.068231405,1.229752066,22.53556198,22.53556198
1/31/1969,27.48495868,40.66790083,4.894413223,191.9919587,191.9919587
2/28/1969,13.42333884,18.91596694,1.593917355,88.32533884,88.32533884
3/31/1969,11.54122314,15.13209917,2.939107438,87.16504959,87.16504959
4/30/1969,22.16528926,25.31305785,10.89520661,205.1192727,205.1192727
5/31/1969,14.29586777,15.43953719,31.28489256,385.1572231,385.1572231
6/30/1969,4.962644628,4.540165289,16.94677686,239.3052231,239.3052231
7/31/1969,3.055933884,2.318082645,2.447206612,64.22933058,64.22933058
8/31/1969,2.508694215,1.260495868,0.040212893,9.914487603,9.914487603
9/30/1969,1.850578512,1.041322314,0.014876033,4.766595041,4.766595041
10/31/1969,1.875371901,1.49414876,0.657917355,12.19222314,12.19222314
11/30/1969,1.701818182,1.648264463,0.696198347,12.17738017,12.17738017
12/31/1969,2.957553719,4.027438017,4.919008264,64.12005785,64.12005785
1/31/1970,24.02320661,28.40727273,13.46578512,238.0939587,238.0939587
2/28/1970,8.985917355,10.09110744,3.093421488,81.18500826,81.18500826
3/31/1970,9.204694215,11.52892562,4.476297521,82.41809091,82.41809091
4/30/1970,5.301818182,5.367272727,5.468429752,78.73512397,78.73512397
5/31/1970,4.353322314,3.824528926,15.99907438,193.2944298,193.2944298
6/30/1970,2.249256198,2.290909091,8.033057851,125.4827603,125.4827603
7/31/1970,2.102876033,1.272793388,0.396595041,20.73380165,20.73380165
8/31/1970,0.965355372,0.805487603,0.025640331,3.79522314,3.79522314
9/30/1970,0.595041322,0.630743802,0.007616529,0.985165289,0.985165289
10/31/1970,0.612416529,0.768595041,0.012850909,3.931504132,3.931504132
11/30/1970,1.505454545,2.606280992,2.671735537,31.02571074,31.02571074
12/31/1970,4.771438017,7.267834711,2.022942149,51.69473554,51.69473554
1/31/1971,5.02353719,6.493090909,4.814479339,60.63861983,60.63861983
2/28/1971,4.765090909,5.176066116,2.704661157,52.55238843,52.55238843
3/31/1971,9.173950413,9.838016529,3.400264463,71.7916281,71.7916281
4/30/1971,8.336528926,8.747107438,7.116694215,110.091,110.091
5/31/1971,5.853619835,5.607669421,14.4926281,172.0328099,172.0328099
6/30/1971,2.67768595,2.49322314,13.52528926,184.5203636,184.5203636
7/31/1971,1.334280992,1.321983471,1.321983471,32.36101653,32.36101653
8/31/1971,0.651768595,0.823933884,0.043717686,6.123512397,6.123512397
9/30/1971,0.773553719,0.648595041,0.012079339,3.32407438,3.32407438
10/31/1971,0.664066116,0.873123967,0.019737521,6.187942149,6.187942149
11/30/1971,0.743801653,1.332892562,0.648595041,12.40502479,12.40502479
12/31/1971,2.920661157,4.623867769,1.629421488,27.82590909,27.82590909
1/31/1972,2.373421488,2.354975207,0.854677686,22.05313223,22.05313223
2/29/1972,4.170247934,4.38307438,0.995107438,31.78030579,31.78030579
3/31/1972,5.816727273,5.552330579,8.380760331,104.1291818,104.1291818
4/30/1972,4.456859504,4.165289256,6.771570248,81.18657851,81.18657851
5/31/1972,2.576330579,2.170512397,14.14829752,159.3645207,159.3645207
6/30/1972,0.743801653,1.047272727,3.891570248,69.70336364,69.70336364
7/31/1972,0.499894215,0.450089256,0.147570248,9.736950413,9.736950413
8/31/1972,0.237957025,0.317276033,0.017155041,2.212768595,2.212768595
9/30/1972,0.287404959,0.379041322,0.01338843,2.941256198,2.941256198
10/31/1972,0.462386777,0.611801653,0.087312397,6.914049587,6.914049587
11/30/1972,0.946115702,1.374545455,0.785454545,13.48547107,13.48547107
12/31/1972,1.979900826,2.508694215,4.420958678,41.55980165,41.55980165
1/31/1973,6.831272727,10.69269421,2.490247934,73.19728926,73.19728926
2/28/1973,9.363570248,12.4458843,1.377322314,63.98721488,63.98721488
3/31/1973,9.592066116,12.18684298,1.733950413,64.5047686,64.5047686
4/30/1973,10.03239669,12.22809917,9.336198347,128.2547851,128.2547851
5/31/1973,8.774280992,8.042578512,24.41057851,283.7099669,283.7099669
6/30/1973,2.522975207,2.368264463,6.914380165,104.9810083,104.9810083
7/31/1973,0.959206612,0.92846281,0.473454545,11.12906612,11.12906612
8/31/1973,0.460542149,0.47591405,0.021889587,2.822884298,2.822884298
9/30/1973,1.130578512,0.461157025,0.011960331,1.041661157,1.041661157
10/31/1973,1.328132231,1.039140496,0.160482645,7.06531405,7.06531405
11/30/1973,2.564628099,3.861818182,6.087272727,85.20682645,85.20682645
12/31/1973,6.972694215,7.735140496,4.242644628,68.023,68.023
1/31/1974,10.43444628,12.06386777,5.792132231,105.4274132,105.4274132
2/28/1974,4.609586777,4.626247934,2.177057851,39.75326446,39.75326446
3/31/1974,15.40264463,19.69447934,4.937454545,117.7384711,117.7384711
4/30/1974,14.25123967,16.51834711,7.71768595,136.435876,136.435876
5/31/1974,6.308628099,5.552330579,21.26856198,246.3539339,246.3539339
6/30/1974,2.350413223,2.219504132,10.79404959,146.0071983,146.0071983
7/31/1974,2.084429752,1.647867769,2.04753719,37.92212397,37.92212397
8/31/1974,1.512595041,0.780892562,0.182618182,4.175231405,4.175231405
9/30/1974,0.642644628,0.304066116,0.010829752,8.154123967,8.154123967
10/31/1974,0.664066116,0.75014876,0.012789421,3.952619835,3.952619835
11/30/1974,0.502214876,1.124628099,0.088661157,5.646876033,5.646876033
12/31/1974,1.229752066,1.414214876,0.386757025,10.22233884,10.22233884
1/31/1975,2.188958678,2.324231405,1.045289256,20.20544628,20.20544628
2/28/1975,5.442644628,6.55338843,1.388429752,38.64102479,38.64102479
3/31/1975,10.90175207,14.5848595,2.453355372,79.86202479,79.86202479
4/30/1975,9.949090909,11.18082645,2.314710744,72.05354545,72.05354545
5/31/1975,13.63180165,15.2058843,25.89242975,257.3222314,257.3222314
6/30/1975,4.587768595,3.80231405,22.39735537,234.5868099,234.5868099
7/31/1975,1.758545455,1.561785124,2.102876033,44.09907438,44.09907438
8/31/1975,1.186710744,1.002247934,0.138347107,8.223735537,8.223735537
9/30/1975,0.630743802,0.624793388,0.033381818,4.199454545,4.199454545
10/31/1975,1.076033058,1.328132231,2.213553719,22.88728926,22.88728926
11/30/1975,1.059173554,1.261487603,2.439669421,24.3581405,24.3581405
12/31/1975,1.051438017,1.11292562,1.143669421,13.59758678,13.59758678
1/31/1976,0.946909091,1.002247934,0.73785124,10.50619008,10.50619008
2/29/1976,1.087140496,1.386247934,1.041123967,13.73261983,13.73261983
3/31/1976,1.752396694,1.832330579,2.766942149,28.22280992,28.22280992
4/30/1976,1.463801653,1.541157025,4.367603306,44.27812397,44.27812397
5/31/1976,0.823933884,0.713256198,5.626115702,71.71604959,71.71604959
6/30/1976,0.386181818,0.338578512,0.327272727,7.880057851,7.880057851
7/31/1976,0.179543802,0.180158678,0.023180826,1.67238843,1.67238843
8/31/1976,0.303133884,0.316661157,0.202909091,4.546983471,4.546983471
9/30/1976,0.225520661,0.231471074,0.116628099,2.490487603,2.490487603
10/31/1976,0.688661157,0.262552066,0.015002975,2.512330579,2.512330579
11/30/1976,0.225520661,0.408198347,0.066049587,2.336702479,2.336702479
12/31/1976,0.204753719,0.375689256,0.016601653,2.157991736,2.157991736
1/31/1977,0.292066116,0.558922314,0.215821488,4.048826446,4.048826446
2/28/1977,0.344330579,0.577586777,0.435966942,6.439933884,6.439933884
3/31/1977,0.557077686,0.694809917,0.799338843,8.837479339,8.837479339
4/30/1977,0.384991736,0.445090909,3.855867769,34.3125124,34.3125124
5/31/1977,0.591510744,0.670214876,4.796033058,42.19195868,42.19195868
6/30/1977,0.153520661,0.285024793,1.737520661,24.5912314,24.5912314
7/31/1977,0.130968595,0.092846281,0.047345455,0.486917355,0.486917355
8/31/1977,0.118671074,0.031666116,0.005103471,0.710760331,0.710760331
9/30/1977,0.111867769,0.037904132,0.011305785,0.572429752,0.572429752
10/31/1977,0.098380165,0.137732231,0.008300826,1.018543802,1.018543802
11/30/1977,0.246942149,0.31953719,0.047484298,3.467206612,3.467206612
12/31/1977,1.278942149,2.477950413,1.893818182,28.33359504,28.33359504
1/31/1978,10.14545455,13.42889256,1.199008264,76.52403306,76.52403306
2/28/1978,7.858512397,10.57428099,1.171834711,57.27519835,57.27519835
3/31/1978,15.01527273,19.61454545,5.712198347,124.1955372,124.1955372
4/30/1978,16.71471074,19.83867769,7.223801653,147.1893719,147.1893719
5/31/1978,8.602115702,9.395305785,23.30995041,236.7367769,236.7367769
6/30/1978,3.24892562,2.743140496,19.83867769,213.4322066,213.4322066
7/31/1978,1.094479339,1.254347107,3.049785124,51.70009917,51.70009917
8/31/1978,0.762446281,0.682512397,0.091001653,5.704892562,5.704892562
9/30/1978,0.856859504,0.803305785,0.827107438,13.51747107,13.51747107
10/31/1978,0.58597686,0.5952,0.023734215,3.340413223,3.340413223
11/30/1978,0.833057851,0.755702479,0.104727273,5.766181818,5.766181818
12/31/1978,0.842380165,1.162115702,0.477143802,9.508305785,9.508305785
1/31/1979,3.769190083,4.777586777,3.486347107,44.84084298,44.84084298
2/28/1979,4.687338843,6.864396694,1.016330579,39.39420661,39.39420661
3/31/1979,11.25838017,14.68938843,3.590876033,90.86817355,90.86817355
4/30/1979,10.47867769,12.34710744,7.723636364,122.1234545,122.1234545
5/31/1979,10.47133884,10.52052893,20.16793388,259.7417355,259.7417355
6/30/1979,2.51107438,2.588429752,5.581487603,95.55182645,95.55182645
7/31/1979,1.192859504,1.254347107,0.273004959,13.4248595,13.4248595
8/31/1979,0.774743802,0.570604959,0.016355702,4.20885124,4.20885124
9/30/1979,0.444495868,0.390347107,0.004879339,1.347561983,1.347561983
10/31/1979,0.621024793,0.657917355,0.971504132,10.0871157,10.0871157
11/30/1979,0.993719008,1.249586777,1.737520661,17.14280165,17.14280165
12/31/1979,1.979900826,2.059834711,1.617123967,18.81263636,18.81263636
1/31/1980,22.2277686,28.63477686,14.68938843,243.3783306,243.3783306
2/29/1980,23.04852893,30.37090909,4.014942149,156.6866033,156.6866033
3/31/1980,13.62565289,16.95213223,2.643966942,96.34260331,96.34260331
4/30/1980,8.532892562,9.365950413,10.16330579,134.0280083,134.0280083
5/31/1980,6.941950413,5.607669421,15.39649587,201.7058099,201.7058099
6/30/1980,3.207272727,2.67768595,12.68033058,177.1623058,177.1623058
7/31/1980,1.438809917,1.543338843,3.332628099,70.26833058,70.26833058
8/31/1980,0.590280992,0.768595041,0.072555372,7.414214876,7.414214876
9/30/1980,0.412363636,0.585520661,0.018208264,2.650727273,2.650727273
10/31/1980,0.557077686,0.700958678,0.014695537,1.84577686,1.84577686
11/30/1980,0.58968595,0.70214876,0.017077686,3.629619835,3.629619835
12/31/1980,0.891570248,1.11292562,0.217666116,6.417016529,6.417016529
1/31/1981,2.022942149,2.570181818,0.412581818,15.19492562,15.19492562
2/28/1981,2.077090909,2.371438017,1.727206612,26.4912314,26.4912314
3/31/1981,4.513190083,6.118016529,1.86307438,43.91428099,43.91428099
4/30/1981,3.885619835,4.456859504,9.56231405,110.6746777,110.6746777
5/31/1981,2.232,1.838479339,9.014082645,125.7834298,125.7834298
6/30/1981,0.797355372,0.642644628,1.445950413,34.0241157,34.0241157
7/31/1981,0.472839669,0.177084298,0.033572231,0.96438843,0.96438843
8/31/1981,0.309897521,0.144495868,0.00461157,0.383826446,0.383826446
9/30/1981,0.215404959,0.129719008,0.002915702,0.343884298,0.343884298
10/31/1981,0.418115702,0.41073719,0.41073719,6.018528926,6.018528926
11/30/1981,2.737190083,2.915702479,7.806942149,76.7962314,76.7962314
12/31/1981,7.396958678,8.755834711,11.40595041,128.0942893,128.0942893
1/31/1982,11.01857851,15.32271074,2.428760331,89.30549587,89.30549587
2/28/1982,20.20998347,24.73626446,12.67358678,202.529124,202.529124
3/31/1982,18.79676033,23.35299174,3.830677686,149.0575372,149.0575372
4/30/1982,33.39966942,41.90876033,13.47173554,292.511,292.511
5/31/1982,13.18909091,14.83695868,24.06624793,306.3222066,306.3222066
6/30/1982,4.183140496,3.974876033,12.26975207,191.9030744,191.9030744
7/31/1982,2.287338843,2.342677686,2.182809917,66.49730579,66.49730579
8/31/1982,1.186710744,1.10677686,0.114981818,18.14504959,18.14504959
9/30/1982,1.118677686,1.142479339,0.73785124,20.26317355,20.26317355
10/31/1982,2.305785124,2.557884298,5.429355372,66.08521488,66.08521488
11/30/1982,5.57553719,6.68231405,2.082644628,62.5532562,62.5532562
12/31/1982,12.38975207,16.55246281,2.04753719,103.1905041,103.1905041
1/31/1983,13.75477686,18.02816529,1.795438017,92.26507438,92.26507438
2/28/1983,21.83166942,28.85712397,1.743867769,135.0277851,135.0277851
3/31/1983,40.18214876,50.73342149,3.375669421,247.5330331,247.5330331
4/30/1983,19.55305785,24.18842975,3.498842975,137.0922066,137.0922066
5/31/1983,22.89798347,26.05844628,22.89798347,315.4256777,315.4256777
6/30/1983,10.76429752,9.699173554,33.57818182,400.9292975,400.9292975
7/31/1983,4.187305785,3.867570248,16.15894215,223.0300496,223.0300496
8/31/1983,2.354975207,2.035239669,1.549487603,41.40565289,41.40565289
9/30/1983,1.77322314,1.880330579,0.928264463,23.8623719,23.8623719
10/31/1983,1.67246281,1.635570248,0.860826446,16.67431405,16.67431405
11/30/1983,11.56165289,11.74016529,10.65719008,161.6340248,161.6340248
12/31/1983,22.86109091,26.0092562,8.091768595,194.1799256,194.1799256
1/31/1984,10.46519008,10.21309091,3.947504132,90.96201653,90.96201653
2/29/1984,7.379900826,7.535206612,2.277818182,63.11300826,63.11300826
3/31/1984,8.952595041,9.512132231,4.83907438,90.20317355,90.20317355
4/30/1984,5.932561983,5.896859504,6.533553719,94.69052066,94.69052066
5/31/1984,3.855272727,3.879867769,17.58545455,228.5818678,228.5818678
6/30/1984,2.207603306,2.273057851,7.491570248,109.7010331,109.7010331
7/31/1984,1.205157025,1.186710744,0.36277686,22.7847438,22.7847438
8/31/1984,0.854677686,0.621024793,0.02514843,4.925123967,4.925123967
9/30/1984,0.839008264,0.360595041,0.012198347,2.735619835,2.735619835
10/31/1984,1.008396694,1.149818182,0.444555372,8.902438017,8.902438017
11/30/1984,4.081983471,2.850247934,2.564628099,34.78127273,34.78127273
12/31/1984,2.207404959,2.213553719,1.168264463,20.93127273,20.93127273
1/31/1985,2.133619835,1.813884298,1.235900826,19.41208264,19.41208264
2/28/1985,2.599140496,3.19338843,1.67722314,27.98226446,27.98226446
3/31/1985,4.666909091,5.238743802,2.170512397,46.47867769,46.47867769
4/30/1985,6.331239669,6.747768595,11.0677686,138.4077603,138.4077603
5/31/1985,2.545586777,2.477950413,9.874909091,141.6599669,141.6599669
6/30/1985,1.172231405,0.910413223,1.60661157,34.32223967,34.32223967
7/31/1985,0.435947107,0.277923967,0.059827438,4.12292562,4.12292562
8/31/1985,0.373229752,0.310512397,0.016109752,2.171876033,2.171876033
9/30/1985,0.51768595,0.411173554,0.133884298,4.870099174,4.870099174
10/31/1985,1.340429752,0.621024793,0.295140496,6.000429752,6.000429752
11/30/1985,1.166280992,1.62446281,0.540892562,14.13675207,14.13675207
12/31/1985,2.145917355,2.853024793,2.059834711,29.27658678,29.27658678
1/31/1986,4.697652893,6.51768595,4.888264463,70.82695041,70.82695041
2/28/1986,42.66366942,53.28238017,10.52985124,340.2170661,340.2170661
3/31/1986,24.35523967,26.83933884,13.01077686,237.5432975,237.5432975
4/30/1986,8.479338843,8.759008264,10.6214876,142.9141488,142.9141488
5/31/1986,4.734545455,4.396363636,17.68383471,207.4385124,207.4385124
6/30/1986,2.641983471,1.969586777,10.3477686,147.8856777,147.8856777
7/31/1986,1.260495868,0.940760331,0.493130579,24.11587603,24.11587603
8/31/1986,1.026842975,0.372,0.02410314,6.386487603,6.386487603
9/30/1986,1.23768595,0.678347107,0.045044628,5.72161157,5.72161157
10/31/1986,1.48185124,0.707107438,0.191226446,7.982429752,7.982429752
11/30/1986,0.874710744,0.571239669,0.024575207,4.005809917,4.005809917
12/31/1986,0.707107438,0.700958678,0.035478347,4.792900826,4.792900826
1/31/1987,0.92231405,1.002247934,0.182003306,7.864966942,7.864966942
2/28/1987,1.916033058,1.660561983,1.060760331,18.55961983,18.55961983
3/31/1987,3.701553719,3.756892562,2.096727273,37.92101653,37.92101653
4/30/1987,1.802975207,1.779173554,8.937520661,84.99714876,84.99714876
5/31/1987,0.983801653,0.965355372,5.718347107,79.67026446,79.67026446
6/30/1987,0.600991736,0.481983471,0.482578512,11.13696694,11.13696694
7/31/1987,0.670214876,0.241646281,0.032096529,3.450016529,3.450016529
8/31/1987,0.249024793,0.126664463,0.005349421,1.456661157,1.456661157
9/30/1987,0.20231405,0.128528926,0.005295868,1.438066116,1.438066116
10/31/1987,0.26193719,0.215821488,0.011129256,1.915041322,1.915041322
11/30/1987,0.452826446,0.29692562,0.156495868,5.551396694,5.551396694
12/31/1987,0.774743802,0.506657851,0.823933884,10.31241322,10.31241322
1/31/1988,1.426512397,1.383471074,1.10677686,17.57390083,17.57390083
2/29/1988,0.960595041,0.632727273,1.972958678,19.18800826,19.18800826
3/31/1988,1.721652893,1.223603306,3.959801653,41.05066116,41.05066116
4/30/1988,1.166280992,1.190082645,5.635041322,65.97842149,65.97842149
5/31/1988,1.051438017,1.008396694,4.525487603,67.39280165,67.39280165
6/30/1988,0.46353719,0.504,1.142479339,21.98749587,21.98749587
7/31/1988,0.400899174,0.14265124,0.054170579,1.952694215,1.952694215
8/31/1988,0.37507438,0.055646281,0.008915702,0,-1.700066116
9/30/1988,0.250512397,0.032608264,0.004046281,0,-0.506206612
10/31/1988,0.249024793,0.101454545,0.003320331,0.125107438,0.125107438
11/30/1988,0.530181818,0.500429752,0.395107438,8.377867769,8.377867769
12/31/1988,0.494975207,0.524489256,0.670214876,9.169247934,9.169247934
1/31/1989,0.657917355,0.419960331,0.946909091,10.16931405,10.16931405
2/28/1989,0.855272727,1.155173554,1.593917355,24.07098347,24.07098347
3/31/1989,8.688198347,10.0286281,10.55742149,141.9701653,141.9701653
4/30/1989,4.33785124,3.760661157,13.38247934,157.3820826,157.3820826
5/31/1989,1.66631405,1.155966942,10.17619835,131.5817025,131.5817025
6/30/1989,0.636694215,0.503404959,3.534545455,67.65233884,67.65233884
7/31/1989,0.493745455,0.182003306,0.096535537,5.80685124,5.80685124
8/31/1989,0.349249587,0.056814545,0.015248926,1.664818182,1.664818182
9/30/1989,0.462347107,0.279669421,0.090446281,5.486471074,5.486471074
10/31/1989,0.768595041,0.92231405,0.873123967,12.03363636,12.03363636
11/30/1989,0.821157025,0.72,0.791404959,15.94559504,15.94559504
12/31/1989,0.56568595,0.386142149,0.910016529,11.97692562,11.97692562
1/31/1990,1.039140496,1.346578512,1.371173554,17.31972727,17.31972727
2/28/1990,1.294016529,2.016,1.216264463,15.8927686,15.8927686
3/31/1990,4.175008264,4.630016529,3.886016529,57.46253719,57.46253719
4/30/1990,2.909752066,2.195702479,8.062809917,96.52122314,96.52122314
5/31/1990,1.635570248,1.069884298,4.623867769,72.50250413,72.50250413
6/30/1990,1.231735537,0.868760331,2.058842975,33.31963636,33.31963636
7/31/1990,0.535557025,0.213361983,0.098380165,4.094892562,4.094892562
8/31/1990,0.454393388,0.08362314,0.017892893,1.284991736,1.284991736
9/30/1990,0.246347107,0.070214876,0.006069421,0,-1.008958678
10/31/1990,0.307438017,0.113752066,0.011190744,0,-0.121603306
11/30/1990,0.336198347,0.191008264,0.016066116,0.620942149,0.620942149
12/31/1990,0.338796694,0.174009917,0.020721322,2.624289256,2.624289256
1/31/1991,0.293910744,0.113752066,0.041073719,2.870438017,2.870438017
2/28/1991,0.316561983,0.140509091,0.306565289,2.479677686,2.479677686
3/31/1991,2.016793388,4.08892562,2.693157025,41.73452066,41.73452066
4/30/1991,3.6,3.78446281,5.135206612,64.94806612,64.94806612
5/31/1991,3.437157025,2.994446281,11.38750413,132.2782975,132.2782975
6/30/1991,1.42214876,0.92231405,5.730247934,79.68944628,79.68944628
7/31/1991,0.58597686,0.219510744,0.357857851,8.779338843,8.779338843
8/31/1991,0.260092562,0.126049587,0.026070744,1.097644628,1.097644628
9/30/1991,0.226115702,0.051947107,0.009044628,0,-0.851256198
10/31/1991,0.290221488,0.234882645,0.221970248,3.776818182,3.776818182
11/30/1991,0.252892562,0.203504132,1.041322314,7.256264463,7.256264463
12/31/1991,0.417500826,0.471609917,0.536786777,7.720206612,7.720206612
1/31/1992,0.292066116,0.477758678,0.694809917,8.284057851,8.284057851
2/29/1992,2.318082645,3.710082645,2.565421488,35.49904132,35.49904132
3/31/1992,4.138115702,4.796033058,3.676958678,51.28092562,51.28092562
4/30/1992,2.71338843,2.475371901,9.532561983,105.641686,105.641686
5/31/1992,1.205157025,0.670214876,3.621619835,53.74669421,53.74669421
6/30/1992,0.636694215,0.267173554,0.31061157,8.337652893,8.337652893
7/31/1992,0.352323967,0.312971901,0.885421488,8.337768595,8.337768595
8/31/1992,0.207213223,0.060749752,0.024902479,0,-0.044950413
9/30/1992,0.119603306,0.03397686,0.02058843,0,-0.548966942
10/31/1992,0.296370248,0.201064463,0.08362314,2.29822314,2.29822314
11/30/1992,0.311206612,0.27907438,0.372495868,3.772008264,3.772008264
12/31/1992,0.725553719,2.035239669,0.657917355,15.6017438,15.6017438
1/31/1993,9.782677686,13.92694215,4.396363636,88.93980165,88.93980165
2/28/1993,8.17507438,11.90161983,1.488396694,62.83147934,62.83147934
3/31/1993,14.92304132,20.32780165,7.138710744,154.1318264,154.1318264
4/30/1993,9.752727273,13.90016529,10.20495868,151.8386612,151.8386612
5/31/1993,6.400859504,5.527735537,24.57044628,275.6125207,275.6125207
6/30/1993,3.855867769,2.802644628,13.75140496,190.7507521,190.7507521
7/31/1993,1.162115702,1.014545455,1.949157025,45.99059504,45.99059504
8/31/1993,0.762446281,0.450704132,0.078089256,6.626727273,6.626727273
9/30/1993,0.461157025,0.255867769,0.014578512,2.630413223,2.630413223
10/31/1993,0.621024793,0.45562314,0.015371901,4.545404959,4.545404959
11/30/1993,0.586710744,0.498049587,0.017256198,4.026966942,4.026966942
12/31/1993,0.614876033,0.873123967,0.274234711,6.212950413,6.212950413
1/31/1994,0.719404959,0.965355372,0.552773554,8.338280992,8.338280992
2/28/1994,1.427305785,2.038214876,0.799735537,14.39128926,14.39128926
3/31/1994,2.059834711,2.514842975,3.89831405,42.5335124,42.5335124
4/30/1994,1.648264463,1.832727273,6.420495868,74.75879339,74.75879339
5/31/1994,1.647867769,1.770842975,6.671404959,91.78541322,91.78541322
6/30/1994,0.595041322,0.432595041,0.910413223,26.219,26.219
7/31/1994,0.247180165,0.140806612,0.027116033,0.82807438,0.82807438
8/31/1994,0.309282645,0.082393388,0.00565686,0,-0.067892562
9/30/1994,0.276099174,0.072595041,0.007795041,0,-0.565561983
10/31/1994,0.253328926,0.275464463,0.020290909,1.062198347,1.062198347
11/30/1994,0.827107438,0.779504132,1.05322314,13.69269421,13.69269421
12/31/1994,0.92846281,1.451107438,1.192859504,17.59919008,17.59919008
1/31/1995,14.9107438,22.55365289,3.781487603,131.4029835,131.4029835
2/28/1995,6.986578512,7.358677686,3.732099174,74.97910744,74.97910744
3/31/1995,30.09818182,39.48119008,8.276231405,245.2565041,245.2565041
4/30/1995,18.26181818,21.48099174,10.9785124,199.2458512,199.2458512
5/31/1995,22.11094215,28.37652893,22.52905785,329.546157,329.546157
6/30/1995,6.247933884,6.908429752,26.12231405,312.9409504,312.9409504
7/31/1995,1.727801653,2.773090909,12.13765289,193.1579174,193.1579174
8/31/1995,1.186710744,1.432661157,0.694809917,29.06056198,29.06056198
9/30/1995,0.755702479,0.856859504,0.027550413,4.348801653,4.348801653
10/31/1995,0.719404959,0.75014876,0.010329917,3.307090909,3.307090909
11/30/1995,0.797355372,0.72,0.007676033,3.308991736,3.308991736
12/31/1995,1.838479339,1.949157025,1.924561983,28.59205785,28.59205785
1/31/1996,5.121917355,5.970446281,2.04753719,50.70506612,50.70506612
2/29/1996,14.38591736,19.16013223,9.186049587,163.9703058,163.9703058
3/31/1996,13.98842975,16.55861157,4.962049587,133.4729421,133.4729421
4/30/1996,10.90710744,12.18644628,10.62743802,159.885719,159.885719
5/31/1996,7.163305785,6.917355372,20.13104132,274.5142562,274.5142562
6/30/1996,3.034710744,3.219173554,6.307438017,123.4928182,123.4928182
7/31/1996,1.592528926,1.555636364,0.373844628,23.17458678,23.17458678
8/31/1996,0.805487603,0.768595041,0.029145124,5.444578512,5.444578512
9/30/1996,0.573024793,0.526016529,0.008449587,1.630570248,1.630570248
10/31/1996,0.805487603,0.694809917,0.015802314,3.346719008,3.346719008
11/30/1996,2.255206612,2.237355372,4.409256198,40.40568595,40.40568595
12/31/1996,15.21818182,21.02261157,8.872661157,161.9516612,161.9516612
1/31/1997,41.83001653,55.77540496,17.97282645,440.5553471,440.5553471
2/28/1997,9.541289256,14.57295868,2.704661157,91.18182645,91.18182645
3/31/1997,6.105719008,7.267834711,6.941950413,86.61254545,86.61254545
4/30/1997,3.957024793,4.427107438,10.57983471,127.9805372,127.9805372
5/31/1997,2.680859504,2.828429752,13.19523967,177.3478595,177.3478595
6/30/1997,2.005289256,1.511404959,4.058181818,73.43357851,73.43357851
7/31/1997,1.002247934,0.762446281,0.15494876,11.67819008,11.67819008
8/31/1997,0.651768595,0.48206281,0.018261818,3.682371901,3.682371901
9/30/1997,0.714049587,0.499834711,0.009639669,2.790471074,2.790471074
10/31/1997,0.823933884,0.848528926,0.016601653,4.756892562,4.756892562
11/30/1997,1.142479339,1.178181818,0.181487603,9.481280992,9.481280992
12/31/1997,1.463404959,1.746247934,0.581057851,12.49552066,12.49552066
1/31/1998,7.187900826,10.95094215,3.412561983,73.26055372,73.26055372
2/28/1998,17.20542149,25.75259504,1.777190083,125.6163388,125.6163388
3/31/1998,16.8168595,21.62519008,7.083371901,159.0884876,159.0884876
4/30/1998,15.19735537,20.35041322,7.295206612,151.9275455,151.9275455
5/31/1998,16.23272727,19.17183471,12.648,214.7661322,214.7661322
6/30/1998,10.73454545,9.56231405,25.90809917,347.7160744,347.7160744
7/31/1998,4.414809917,3.787636364,8.946446281,141.9395372,141.9395372
8/31/1998,1.979900826,1.875371901,0.202294215,16.76532231,16.76532231
9/30/1998,1.350743802,1.315041322,0.077355372,9.80592562,9.80592562
10/31/1998,1.949157025,1.334280992,0.047345455,8.191727273,8.191727273
11/30/1998,1.749421488,1.981487603,0.803305785,19.41140496,19.41140496
12/31/1998,2.367272727,2.643966942,2.029090909,30.52346281,30.52346281
1/31/1999,7.323173554,9.684297521,2.441057851,63.51021488,63.51021488
2/28/1999,18.93818182,23.86433058,2.499173554,121.3682727,121.3682727
3/31/1999,11.23378512,13.14604959,3.400264463,87.74885124,87.74885124
4/30/1999,10.84165289,12.85289256,7.18214876,118.1654876,118.1654876
5/31/1999,7.323173554,7.169454545,21.77890909,251.2708678,251.2708678
6/30/1999,3.879669421,3.171570248,12.4185124,173.8196529,173.8196529
7/31/1999,1.610975207,1.795438017,1.045289256,28.18093388,28.18093388
8/31/1999,1.162115702,1.026842975,0.032280992,7.111966942,7.111966942
9/30/1999,0.803305785,0.660495868,0.008806612,3.647206612,3.647206612
10/31/1999,0.762446281,0.676363636,0.017339504,4.227661157,4.227661157
11/30/1999,1.041322314,1.249586777,0.289190083,10.69719008,10.69719008
12/31/1999,1.082181818,1.162115702,0.253328926,9.202165289,9.202165289
1/31/2000,6.677553719,8.786578512,2.588628099,59.43027273,59.43027273
2/29/2000,13.78195041,19.19464463,3.232661157,102.0538182,102.0538182
3/31/2000,11.10466116,14.54796694,5.072727273,99.59171901,99.59171901
4/30/2000,6.991735537,8.43768595,11.57950413,139.7956446,139.7956446
5/31/2000,5.533884298,5.699900826,15.66089256,212.3383636,212.3383636
6/30/2000,2.69553719,2.49322314,3.909421488,73.74917355,73.74917355
7/31/2000,0.971504132,1.285090909,0.119900826,16.02489256,16.02489256
8/31/2000,0.602578512,0.713256198,0.010883306,7.400760331,7.400760331
9/30/2000,0.797355372,0.678347107,0.013626446,6.544553719,6.544553719
10/31/2000,1.334280992,1.12522314,0.033510744,8.252909091,8.252909091
11/30/2000,0.981818182,1.196033058,0.216,9.281123967,9.281123967
12/31/2000,1.051438017,1.291239669,0.408892562,8.379793388,8.379793388
1/31/2001,1.377322314,1.813884298,0.443940496,13.00747934,13.00747934
2/28/2001,2.460297521,3.043438017,0.799735537,18.72269421,18.72269421
3/31/2001,4.777586777,5.829024793,4.882115702,63.2908595,63.2908595
4/30/2001,5.879008264,7.170247934,6.12892562,92.4582314,92.4582314
5/31/2001,3.387966942,3.375669421,9.001785124,142.1437851,142.1437851
6/30/2001,0.92231405,0.946115702,0.408793388,13.33229752,13.33229752
7/31/2001,0.504813223,0.421190083,0.022442975,4.38961157,4.38961157
8/31/2001,0.554003306,0.247795041,0.005226446,2.736933884,2.736933884
9/30/2001,0.417123967,0.236826446,0.004165289,4.314710744,4.314710744
10/31/2001,0.445785124,0.19061157,0.006517686,0.114297521,0.114297521
11/30/2001,0.73785124,0.975867769,0.898512397,14.39939669,14.39939669
12/31/2001,3.178909091,3.849123967,1.254347107,31.74844628,31.74844628
1/31/2002,4.28568595,4.746842975,2.090578512,46.29634711,46.29634711
2/28/2002,3.326677686,4.259702479,2.104859504,38.08416529,38.08416529
3/31/2002,6.868165289,8.208595041,3.35722314,67.48157851,67.48157851
4/30/2002,5.605289256,5.801652893,11.15702479,137.8410165,137.8410165
5/31/2002,3.16661157,2.908363636,12.96773554,163.6089669,163.6089669
6/30/2002,1.23768595,1.166280992,4.248595041,64.67666942,64.67666942
7/31/2002,0.506042975,0.408277686,0.099609917,10.36421488,10.36421488
8/31/2002,0.313586777,0.233038017,0.009776529,4.226413223,4.226413223
9/30/2002,0.292165289,0.226710744,0.007735537,1.691545455,1.691545455
10/31/2002,0.367080992,0.288991736,0.007931901,1.813049587,1.813049587
11/30/2002,0.714049587,0.660495868,1.767272727,19.39466116,19.39466116
12/31/2002,1.961454545,2.625520661,1.30353719,20.1285124,20.1285124
1/31/2003,2.656264463,2.951404959,2.859173554,43.18795868,43.18795868
2/28/2003,2.887933884,2.643570248,2.232595041,35.99561983,35.99561983
3/31/2003,3.363371901,3.91061157,5.177256198,60.01419835,60.01419835
4/30/2003,9.69322314,11.04991736,5.087603306,99.48260331,99.48260331
5/31/2003,10.0593719,10.60661157,17.13044628,223.2153636,223.2153636
6/30/2003,2.850247934,2.16,9.556363636,144.974,144.974
7/31/2003,0.799338843,0.774743802,0.26501157,18.57550413,18.57550413
8/31/2003,0.56568595,0.377533884,0.056753058,2.440033058,2.440033058
9/30/2003,0.376066116,0.139239669,0.005890909,2.406983471,2.406983471
10/31/2003,0.424879339,0.276694215,0.002889917,2.824644628,2.824644628
11/30/2003,0.749752066,0.660495868,0.017256198,6.085826446,6.085826446
12/31/2003,2.662413223,2.994446281,1.242049587,30.17407438,30.17407438
1/31/2004,2.754644628,3.283438017,1.463404959,23.40817355,23.40817355
2/29/2004,5.07907438,6.148958678,1.449520661,45.05595041,45.05595041
3/31/2004,7.483041322,8.73738843,8.608264463,109.8577934,109.8577934
4/30/2004,3.897520661,3.677355372,10.51438017,122.4716281,122.4716281
5/31/2004,1.918413223,1.340429752,9.419900826,117.5042645,117.5042645
6/30/2004,0.815206612,0.600991736,1.23768595,33.6777686,33.6777686
7/31/2004,0.436561983,0.22012562,0.050419835,6.446090909,6.446090909
8/31/2004,0.292680992,0.188766942,0.007562975,2.494661157,2.494661157
9/30/2004,0.297520661,0.198743802,0.00547438,1.912214876,1.912214876
10/31/2004,0.621024793,0.707107438,0.303133884,10.41547934,10.41547934
11/30/2004,0.70214876,0.815206612,0.910413223,11.87649587,11.87649587
12/31/2004,1.924561983,2.453355372,2.354975207,27.2517438,27.2517438
1/31/2005,8.583669421,12.14380165,2.281190083,68.79170248,68.79170248
2/28/2005,8.130644628,10.76866116,1.921586777,66.17645455,66.17645455
3/31/2005,15.21203306,20.42003306,4.070479339,119.3636694,119.3636694
4/30/2005,12.96595041,15.61983471,6.950082645,130.447438,130.447438
5/31/2005,13.96383471,13.76707438,26.83319008,326.9311653,326.9311653
6/30/2005,4.915041322,4.290247934,17.44066116,205.6112066,205.6112066
7/31/2005,1.721652893,1.936859504,2.582479339,53.03947107,53.03947107
8/31/2005,0.93461157,0.725553719,0.037138512,7.694719008,7.694719008
9/30/2005,0.630743802,0.495669421,0.011365289,3.87631405,3.87631405
10/31/2005,0.830082645,0.551543802,0.013711736,7.497429752,7.497429752
11/30/2005,0.72,0.88661157,0.358809917,10.64284298,10.64284298
12/31/2005,8.239338843,10.47133884,12.18684298,139.365,139.365
1/31/2006,14.56026446,15.47642975,5.687603306,144.6294711,144.6294711
2/28/2006,8.297256198,8.852628099,6.797752066,94.15295868,94.15295868
3/31/2006,19.63299174,22.03715702,3.935206612,138.7304545,138.7304545
4/30/2006,45.51471074,48.65057851,9.395702479,311.0972314,311.0972314
5/31/2006,18.04661157,17.19193388,24.43517355,358.7255041,358.7255041
6/30/2006,4.611570248,4.938842975,12.79933884,203.616157,203.616157
7/31/2006,2.207404959,2.336528926,0.842380165,35.23409091,35.23409091
8/31/2006,1.155966942,1.162115702,0.014572562,8.204495868,8.204495868
9/30/2006,0.70214876,0.612892562,0.006545455,5.911619835,5.911619835
10/31/2006,1.094479339,0.910016529,0.010391405,6.492,6.492
11/30/2006,1.356694215,1.332892562,0.743801653,14.79061983,14.79061983
12/31/2006,1.961454545,2.121322314,0.719404959,20.48471074,20.48471074
1/31/2007,1.820033058,2.311933884,1.555636364,19.48361157,19.48361157
2/28/2007,4.559603306,5.298247934,2.688,51.37787603,51.37787603
3/31/2007,6.609917355,6.818975207,5.859768595,76.32430579,76.32430579
4/30/2007,3.909421488,3.379834711,7.795041322,99.81236364,99.81236364
5/31/2007,2.662413223,2.520991736,7.753586777,96.80884298,96.80884298
6/30/2007,1.267438017,0.963966942,0.749752066,18.39535537,18.39535537
7/31/2007,0.487596694,0.499279339,0.029145124,7.259933884,7.259933884
8/31/2007,0.330803306,0.318505785,0.007317025,1.785983471,1.785983471
9/30/2007,0.355239669,0.353454545,0.007557025,3.85922314,3.85922314
10/31/2007,0.608727273,0.33326281,0.016232727,1.662347107,1.662347107
11/30/2007,0.570049587,0.257652893,0.034869421,4.997933884,4.997933884
12/31/2007,0.719404959,0.600733884,0.106373554,8.736975207,8.736975207
1/31/2008,2.619371901,3.025190083,0.543550413,20.13196694,20.13196694
2/29/2008,3.618049587,3.830876033,0.949090909,27.4281157,27.4281157
3/31/2008,3.996694215,4.427107438,3.437157025,52.81947107,52.81947107
4/30/2008,3.534545455,4.790082645,7.771239669,84.46302479,84.46302479
5/31/2008,2.656264463,2.896066116,12.03927273,145.398157,145.398157
6/30/2008,0.767603306,0.892561983,2.957355372,52.6077686,52.6077686
7/31/2008,0.344330579,0.151259504,0.067021488,4.817280992,4.817280992
8/31/2008,0.226889256,0.186307438,0.007071074,2.132066116,2.132066116
9/30/2008,0.196958678,0.11722314,0.004343802,3.740247934,3.740247934
10/31/2008,0.568760331,0.274849587,0.010637355,1.31546281,1.31546281
11/30/2008,1.082975207,0.424859504,0.612892562,14.27122314,14.27122314
12/31/2008,1.199008264,0.719404959,0.228733884,9.203760331,9.203760331
1/31/2009,2.016793388,2.078280992,3.775338843,33.0757438,33.0757438
2/28/2009,3.743206612,6.420099174,2.038214876,44.53156198,44.53156198
3/31/2009,10.96938843,17.65309091,4.482446281,104.2629835,104.2629835
4/30/2009,5.861157025,8.128264463,9.383801653,118.2523223,118.2523223
5/31/2009,6.523834711,6.290181818,19.43008264,246.8263802,246.8263802
6/30/2009,1.594710744,1.541157025,2.778842975,54.90401653,54.90401653
7/31/2009,0.965355372,0.664066116,0.114981818,10.55679339,10.55679339
8/31/2009,0.482677686,0.22627438,0.009407603,4.050958678,4.050958678
9/30/2009,0.240396694,0.221355372,0.004046281,2.143628099,2.143628099
10/31/2009,0.811636364,0.602578512,0.162942149,10.51209917,10.51209917
11/30/2009,0.559338843,0.38677686,0.032370248,4.980991736,4.980991736
12/31/2009,1.088330579,1.334280992,0.279768595,12.68336364,12.68336364
1/31/2010,3.240396694,4.162710744,0.879272727,27.12244628,27.12244628
2/28/2010,3.632132231,4.909487603,0.971900826,32.30719008,32.30719008
3/31/2010,5.798280992,7.636760331,3.092826446,60.37386777,60.37386777
4/30/2010,9.038677686,12.18644628,6.920330579,106.8426446,106.8426446
5/31/2010,9.253884298,11.20919008,13.60720661,174.9450083,174.9450083
6/30/2010,5.016198347,4.65322314,18.47008264,235.4116942,235.4116942
7/31/2010,1.604826446,1.444958678,1.278942149,34.11300826,34.11300826
8/31/2010,0.590280992,0.584132231,0.027361983,5.600157025,5.600157025
9/30/2010,0.612892562,0.249917355,0.008866116,4.331512397,4.331512397
10/31/2010,1.192859504,1.082181818,3.178909091,33.89771074,33.89771074
11/30/2010,1.672066116,1.844628099,1.547107438,27.2676281,27.2676281
12/31/2010,12.1991405,17.27186777,6.216396694,127.6955537,127.6955537
1/31/2011,7.26168595,9.315371901,3.547834711,71.86032231,71.86032231
2/28/2011,5.170512397,7.108760331,2.338115702,41.65282645,41.65282645
3/31/2011,23.59894215,31.5738843,4.27338843,181.9590248,181.9590248
4/30/2011,20.4753719,25.15834711,9.657520661,200.2589091,200.2589091
5/31/2011,14.89229752,17.86829752,15.83305785,222.3854793,222.3854793
6/30/2011,9.34214876,9.151735537,24.78942149,319.4824793,319.4824793
7/31/2011,3.320330579,3.234247934,9.967140496,148.3152314,148.3152314
8/31/2011,1.727801653,1.488,0.353553719,17.35667769,17.35667769
9/30/2011,0.90446281,0.833057851,0.02088595,7.010264463,7.010264463
10/31/2011,1.12522314,1.143669421,0.456852893,12.0706281,12.0706281
11/30/2011,1.350743802,1.05322314,0.178512397,8.288842975,8.288842975
12/31/2011,1.162115702,0.891570248,0.121745455,6.793578512,6.793578512
1/31/2012,2.391867769,1.740099174,2.121322314,24.21866942,24.21866942
2/29/2012,1.035371901,1.386247934,1.225190083,16.12595868,16.12595868
3/31/2012,4.900561983,6.074975207,4.021289256,60.71171901,60.71171901
4/30/2012,7.259504132,8.770909091,11.38909091,146.0099917,146.0099917
5/31/2012,3.326479339,2.914512397,7.81507438,107.8407603,107.8407603
6/30/2012,1.142479339,1.249586777,0.969917355,22.20189256,22.20189256
7/31/2012,0.473454545,0.707107438,0.041504132,6.391603306,6.391603306
8/31/2012,0.313586777,0.338181818,0.006517686,2.047834711,2.047834711
9/30/2012,0.220165289,0.243966942,0.005057851,1.518165289,1.518165289
10/31/2012,0.528793388,0.36277686,0.014818512,3.346909091,3.346909091
11/30/2012,0.868760331,1.231735537,1.654214876,20.52638843,20.52638843
12/31/2012,6.357818182,7.895008264,5.466247934,86.14963636,86.14963636
1/31/2013,3.381818182,3.055933884,2.232,34.37142149,34.37142149
2/28/2013,2.254809917,2.210380165,1.704991736,27.13804132,27.13804132
3/31/2013,2.631669421,2.680859504,4.808330579,56.31177686,56.31177686
4/30/2013,2.409917355,2.243305785,8.027107438,101.3266529,101.3266529
5/31/2013,1.155966942,0.910016529,5.183404959,77.86360331,77.86360331
6/30/2013,0.422479339,0.481983471,1.017520661,21.10428926,21.10428926
7/31/2013,0.307438017,0.356628099,0.069480992,3.815016529,3.815016529
8/31/2013,0.282842975,0.209057851,0.009838017,1.396338843,1.396338843
9/30/2013,0.196363636,0.154710744,0.007497521,1.887545455,1.887545455
10/31/2013,0.221355372,0.196760331,0.012297521,1.175768595,1.175768595
11/30/2013,0.327272727,0.243966942,0.01785124,2.729429752,2.729429752
12/31/2013,0.37507438,0.38122314,0.012297521,1.880553719,1.880553719
1/31/2014,0.350479339,0.17831405,0.313586777,4.91238843,4.91238843
2/28/2014,2.032661157,2.027107438,2.760198347,33.05970248,33.05970248
3/31/2014,2.311933884,2.404165289,4.494743802,46.20047934,46.20047934
4/30/2014,1.987438017,1.779173554,7.622479339,78.74303306,78.74303306
5/31/2014,0.848528926,0.657917355,6.68985124,76.5693719,76.5693719
6/30/2014,0.362975207,0.321322314,0.55338843,13.53593388,13.53593388
7/31/2014,0.221355372,0.122975207,0.018446281,2.883057851,2.883057851
8/31/2014,0.153719008,0.049190083,0.00614876,1.95777686,1.95777686
9/30/2014,0.107107438,0.065454545,0.005950413,0.571867769,0.571867769
10/31/2014,0.188766942,0.170320661,0.00614876,1.322512397,1.322512397
11/30/2014,0.370710744,0.330842975,0.211834711,4.257859504,4.257859504
12/31/2014,0.916165289,1.67246281,2.275041322,27.74859504,27.74859504
1/31/2015,0.432872727,0.392905785,1.217454545,12.45947107,12.45947107
2/28/2015,2.471404959,2.593586777,4.987239669,64.53182645,64.53182645
3/31/2015,0.756297521,0.467920661,2.035239669,30.75569421,30.75569421
4/30/2015,0.916363636,0.477818182,2.49322314,31.68650413,31.68650413
5/31/2015,0.545395041,0.55646281,2.287338843,35.96636364,35.96636364
6/30/2015,0.23861157,0.260033058,0.508165289,9.458785124,9.901178679
7/31/2015,0.120515702,0.084852893,0.026009256,3.681809917,3.681655132
8/31/2015,0.134042975,0.02361124,0.00461157,0,-0.298324583
9/30/2015,0.107107438,0.014161983,0.002975207,0,0.443345848
10/31/2015,0.146955372,0.102684298,0.012174545,1.332,1.730652628
11/30/2015,0.310016529,0.334413223,1.25553719,6.671,8.441799668
12/31/2015,2.287338843,2.920661157,1.67246281,30.172,31.27137104
1/31/2016,5.724495868,6.714446281,2.182809917,59.09,59.51352214
2/29/2016,4.342809917,5.18261157,3.209652893,65.82,65.80697186
3/31/2016,15.04601653,17.37024793,9.315371901,160.723,160.5434274
4/30/2016,4.962644628,4.831735537,12.77553719,145.533,145.2273881
5/31/2016,2.760793388,2.539438017,12.93699174,151.124,153.5723489
6/30/2016,0.660495868,0.946115702,4.212892562,69.327,69.67841323
7/31/2016,0.533712397,0.492515702,0.117441322,4.177,7.418870031
8/31/2016,0.237957025,0.205983471,0.007624463,1.182,1.952374876
9/30/2016,0.159471074,0.168991736,0.004343802,0,0.918272158
10/31/2016,0.569375207,0.959206612,2.803834711,38.406,39.0572835
11/30/2016,1.047272727,1.07107438,1.231735537,22.028,23.32670658
12/31/2016,4.47014876,6.499239669,8.731239669,99.793,99.68737352
1/31/2017,30.46710744,40.81547107,10.46519008,264.238,277.6252337
2/28/2017,56.98115702,67.25553719,13.7621157,407.384,427.4186178
3/31/2017,20.72747107,22.28310744,8.817322314,176.441,178.0466103
4/30/2017,23.84330579,24.03966942,13.78710744,222.662,227.5146412
5/31/2017,10.71728926,9.708892562,24.42287603,322.71,318.3482558
6/30/2017,4.212892562,3.814214876,16.28628099,266.185,260.0123011
7/31/2017,2.514842975,1.943008264,1.795438017,58.884,61.51190527
8/31/2017,1.383471074,1.131371901,0.022688926,17.256,9.469753868
9/30/2017,0.773553719,0.833057851,0.009401653,5.381,5.509285541
10/31/2017,0.639471074,0.756297521,0.007378512,3.659,4.336148786
11/30/2017,1.588760331,1.62446281,4.206942149,45.413,44.47698926
12/31/2017,1.131371901,0.811636364,0.75014876,15.695,14.50624325
1/31/2018,2.275041322,2.115173554,3.086677686,41.24,41.68159698
2/28/2018,1.382876033,0.827504132,1.166280992,18.09,19.846237
3/31/2018,12.51887603,14.78161983,5.865917355,126.655,132.391968
4/30/2018,11.74016529,10.70479339,14.44760331,204.985,201.9220036
5/31/2018,4.052033058,3.15431405,6.68985124,109.771,111.5807223
6/30/2018,1.469752066,1.588760331,0.88661157,28.802,27.71809452
7/31/2018,0.713256198,0.811636364,0.030251901,3.794,4.591723295
8/31/2018,0.44947438,0.412581818,0.004919008,0.23,1.385303537
9/30/2018,0.295140496,0.304661157,0.002975207,0,-1.028282488
10/31/2018,0.811636364,0.469765289,0.006271736,2.113,2.433428926
11/30/2018,0.660495868,0.940165289,0.204099174,6.776,5.893927273
12/31/2018,1.063735537,1.143669421,0.719404959,13.203,12.58463802
1/31/2019,6.628363636,7.642909091,1.168264463,47.97,46.25697769
2/28/2019,18.52165289,25.58598347,2.421421488,127.655,130.8951281
3/31/2019,28.74545455,33.33242975,3.590876033,164.873,175.5618455
4/30/2019,21.56429752,22.81983471,16.07206612,235.097,248.4345496
5/31/2019,14.56641322,15.38419835,17.29646281,254.791,259.4775223
6/30/2019,7.557024793,6.944132231,21.08826446,293.004,292.389586
7/31/2019,2.60707438,2.834578512,2.42261157,60.023,65.03470248
8/31/2019,1.709355372,1.346578512,0.050850248,8.89,13.07443802
9/30/2019,1.291239669,0.88661157,0.008985124,5.105,8.141619835
10/31/2019,1.008396694,0.916165289,0.007009587,4.266,5.946975207
11/30/2019,1.041322314,1.005619835,0.006902479,3.99,7.252578512
12/31/2019,4.482446281,5.02968595,0.55953719,28.977,31.07446281
1/31/2020,2.262743802,2.379570248,0.725553719,18.586,21.24219835
2/29/2020,1.708363636,1.507041322,1.535801653,18.903,19.27901653
3/31/2020,4.267239669,4.894413223,2.391867769,38.698,40.93801653
4/30/2020,9.080330579,10.85355372,8.586446281,122.263,126.9889256
5/31/2020,3.71385124,4.728396694,10.02247934,143.73,148.1760909
6/30/2020,1.898181818,1.481652893,1.243636364,32.443,34.45638843
7/31/2020,1.401917355,0.486366942,0.054600992,3.115,6.917363636
8/31/2020,0.399054545,0.33326281,0.007501488,0.242,2.171950413
9/30/2020,0.577190083,0.287404959,0.004760331,0.389,1.906586777
10/31/2020,0.242261157,0.293910744,0.004488595,0.846,2.015471074
11/30/2020,0.428429752,0.600991736,0.022552066,3.549,4.692008264
12/31/2020,0.608112397,0.830082645,0.127279339,5.008,6.302363636
1/31/2021,1.014545455,1.727801653,0.454393388,9.115,9.498818182
2/28/2021,1.716099174,1.638347107,1.12185124,18.483,19.0707438
3/31/2021,2.576330579,2.484099174,1.776991736,26.279,27.62210744
4/30/2021,1.892231405,1.517355372,7.289256198,68.344,71.57981818
5/31/2021,0.627173554,0.537401653,4.740694215,67.02,71.13834711
6/30/2021,1.130578512,0.395107438,0.269553719,8.483,10.46253719
7/31/2021,0.953057851,0.124204959,0.016478678,0,0.932322314
8/31/2021,0.17831405,0.060565289,0.003627769,0,0.130504132
9/30/2021,0.108297521,0.058076033,0.002975207,0,0.229
