,11296500,SNS,11295900
9/30/1921,,,0
10/31/1921,-901,4.3,9.682268293
11/30/1921,-901,5.6,8.095414634
12/31/1921,-901,25.1,6.727853659
1/31/1922,-901,35.3,6.336682927
2/28/1922,-901,106.8,6.498796744
3/31/1922,-901,103.3,8.474512195
4/30/1922,-901,169.9,14.92485366
5/31/1922,-901,494.5,18.12765854
6/30/1922,-901,378.3,17.96126829
7/31/1922,-901,86.5,17.15036585
8/31/1922,-901,16.5,15.94190244
9/30/1922,-901,4.3,12.88019512
10/31/1922,-901,6.4,9.682268293
11/30/1922,-901,16.1,8.095414634
12/31/1922,-901,79,6.727853659
1/31/1923,-901,77.5,6.336682927
2/28/1923,-901,54.9,6.498796744
3/31/1923,-901,76.5,8.474512195
4/30/1923,-901,207.2,14.92485366
5/31/1923,-901,356,18.12765854
6/30/1923,-901,160.8,17.96126829
7/31/1923,-901,73.2,17.15036585
8/31/1923,-901,12.3,15.94190244
9/30/1923,-901,10.3,12.88019512
10/31/1923,-901,12,9.682268293
11/30/1923,-901,9.3,8.095414634
12/31/1923,-901,9.7,6.727853659
1/31/1924,-901,12.1,6.336682927
2/29/1924,-901,26.7,6.498796744
3/31/1924,-901,24.1,8.474512195
4/30/1924,-901,70,14.92485366
5/31/1924,-901,84.5,18.12765854
6/30/1924,-901,11.3,17.96126829
7/31/1924,-901,1.4,17.15036585
8/31/1924,-901,0,15.94190244
9/30/1924,-901,0,12.88019512
10/31/1924,-901,6.4,9.682268293
11/30/1924,-901,27,8.095414634
12/31/1924,-901,31.9,6.727853659
1/31/1925,-901,31.3,6.336682927
2/28/1925,-901,152.5,6.498796744
3/31/1925,-901,120.3,8.474512195
4/30/1925,-901,260.5,14.92485366
5/31/1925,-901,355.9,18.12765854
6/30/1925,-901,171.8,17.96126829
7/31/1925,-901,50.9,17.15036585
8/31/1925,-901,11.1,15.94190244
9/30/1925,-901,4.9,12.88019512
10/31/1925,-901,8,9.682268293
11/30/1925,-901,10,8.095414634
12/31/1925,-901,14,6.727853659
1/31/1926,-901,13.4,6.336682927
2/28/1926,-901,74,6.498796744
3/31/1926,-901,79.2,8.474512195
4/30/1926,-901,215.8,14.92485366
5/31/1926,-901,139.4,18.12765854
6/30/1926,-901,40.5,17.96126829
7/31/1926,-901,6.5,17.15036585
8/31/1926,-901,3,15.94190244
9/30/1926,-901,2.7,12.88019512
10/31/1926,-901,5.3,9.682268293
11/30/1926,-901,23,8.095414634
12/31/1926,-901,60.9,6.727853659
1/31/1927,-901,51.5,6.336682927
2/28/1927,-901,161.6,6.498796744
3/31/1927,-901,133.7,8.474512195
4/30/1927,-901,267.1,14.92485366
5/31/1927,-901,331.5,18.12765854
6/30/1927,-901,245.3,17.96126829
7/31/1927,-901,63.1,17.15036585
8/31/1927,-901,13.8,15.94190244
9/30/1927,-901,6.7,12.88019512
10/31/1927,-901,9.6,9.682268293
11/30/1927,-901,40.7,8.095414634
12/31/1927,-901,25.8,6.727853659
1/31/1928,-901,31,6.336682927
2/29/1928,-901,48.4,6.498796744
3/31/1928,-901,253.4,8.474512195
4/30/1928,-901,213.9,14.92485366
5/31/1928,-901,239.8,18.12765854
6/30/1928,-901,66.7,17.96126829
7/31/1928,-901,13.1,17.15036585
8/31/1928,-901,5.1,15.94190244
9/30/1928,-901,2.5,12.88019512
10/31/1928,-901,2.4,9.682268293
11/30/1928,-901,7.6,8.095414634
12/31/1928,-901,10.4,6.727853659
1/31/1929,-901,13,6.336682927
2/28/1929,-901,22.8,6.498796744
3/31/1929,-901,44.2,8.474512195
4/30/1929,-901,99.9,14.92485366
5/31/1929,-901,195.8,18.12765854
6/30/1929,-901,97.7,17.96126829
7/31/1929,-901,18.3,17.15036585
8/31/1929,-901,3.8,15.94190244
9/30/1929,-901,0.7,12.88019512
10/31/1929,-901,0.6,9.682268293
11/30/1929,-901,3.8,8.095414634
12/31/1929,-901,19.6,6.727853659
1/31/1930,-901,30.7,6.336682927
2/28/1930,-901,48.4,6.498796744
3/31/1930,-901,104.4,8.474512195
4/30/1930,-901,183.5,14.92485366
5/31/1930,-901,169,18.12765854
6/30/1930,-901,133.3,17.96126829
7/31/1930,-901,27.3,17.15036585
8/31/1930,-901,5.4,15.94190244
9/30/1930,-901,5.7,12.88019512
10/31/1930,-901,8.1,9.682268293
11/30/1930,-901,9.6,8.095414634
12/31/1930,-901,8,6.727853659
1/31/1931,-901,13.7,6.336682927
2/28/1931,-901,21.1,6.498796744
3/31/1931,-901,38.7,8.474512195
4/30/1931,-901,92.6,14.92485366
5/31/1931,-901,92.1,18.12765854
6/30/1931,-901,24.7,17.96126829
7/31/1931,-901,6,17.15036585
8/31/1931,-901,0.4,15.94190244
9/30/1931,-901,0,12.88019512
10/31/1931,-901,3,9.682268293
11/30/1931,-901,5.4,8.095414634
12/31/1931,-901,57.6,6.727853659
1/31/1932,-901,42.7,6.336682927
2/29/1932,-901,131.5,6.498796744
3/31/1932,-901,117,8.474512195
4/30/1932,-901,204,14.92485366
5/31/1932,-901,384.5,18.12765854
6/30/1932,-901,298.5,17.96126829
7/31/1932,-901,84.8,17.15036585
8/31/1932,-901,18.6,15.94190244
9/30/1932,-901,5.3,12.88019512
10/31/1932,-901,6.1,9.682268293
11/30/1932,-901,4.4,8.095414634
12/31/1932,-901,7.8,6.727853659
1/31/1933,-901,12.2,6.336682927
2/28/1933,-901,13.7,6.498796744
3/31/1933,-901,37.7,8.474512195
4/30/1933,-901,105.5,14.92485366
5/31/1933,-901,178.1,18.12765854
6/30/1933,-901,205.8,17.96126829
7/31/1933,-901,27.7,17.15036585
8/31/1933,-901,6.3,15.94190244
9/30/1933,-901,4.1,12.88019512
10/31/1933,-901,2.6,9.682268293
11/30/1933,-901,6.7,8.095414634
12/31/1933,-901,19.6,6.727853659
1/31/1934,-901,28.6,6.336682927
2/28/1934,-901,44.7,6.498796744
3/31/1934,-901,100.5,8.474512195
4/30/1934,-901,99.5,14.92485366
5/31/1934,-901,69.1,18.12765854
6/30/1934,-901,42,17.96126829
7/31/1934,-901,8.8,17.15036585
8/31/1934,-901,1.4,15.94190244
9/30/1934,-901,0.7,12.88019512
10/31/1934,-901,4,9.682268293
11/30/1934,-901,16.4,8.095414634
12/31/1934,-901,19.6,6.727853659
1/31/1935,-901,42.8,6.336682927
2/28/1935,-901,47.3,6.498796744
3/31/1935,-901,69.5,8.474512195
4/30/1935,-901,314.8,14.92485366
5/31/1935,-901,379,18.12765854
6/30/1935,-901,249.4,17.96126829
7/31/1935,-901,53.1,17.15036585
8/31/1935,-901,13.2,15.94190244
9/30/1935,-901,4.4,12.88019512
10/31/1935,-901,7.5,9.682268293
11/30/1935,-901,7.9,8.095414634
12/31/1935,-901,8.3,6.727853659
1/31/1936,-901,54.2,6.336682927
2/29/1936,-901,206.4,6.498796744
3/31/1936,-901,153.6,8.474512195
4/30/1936,-901,287.9,14.92485366
5/31/1936,-901,331.9,18.12765854
6/30/1936,-901,193.2,17.96126829
7/31/1936,-901,51.3,17.15036585
8/31/1936,-901,12,15.94190244
9/30/1936,-901,7.7,12.88019512
10/31/1936,-901,7,9.682268293
11/30/1936,-901,6.1,8.095414634
12/31/1936,-901,11.6,6.727853659
1/31/1937,-901,23.3,6.336682927
2/28/1937,-901,110,6.498796744
3/31/1937,-901,124.2,8.474512195
4/30/1937,-901,192.3,14.92485366
5/31/1937,-901,411.3,18.12765854
6/30/1937,-901,167.3,17.96126829
7/31/1937,-901,39.2,17.15036585
8/31/1937,-901,11.2,15.94190244
9/30/1937,-901,5.3,12.88019512
10/31/1937,-901,6.6,9.682268293
11/30/1937,-901,9.4,8.095414634
12/31/1937,-901,178.4,6.727853659
1/31/1938,-901,50.4,6.336682927
2/28/1938,-901,174,6.498796744
3/31/1938,-901,239,8.474512195
4/30/1938,-901,301.4,14.92485366
5/31/1938,-901,541.3,18.12765854
6/30/1938,-901,391.9,17.96126829
7/31/1938,-901,113,17.15036585
8/31/1938,-901,27.7,15.94190244
9/30/1938,2.969256198,11.7,12.88019512
10/31/1938,1.893818182,17.57,9.682268293
11/30/1938,3.516694215,21.33,8.095414634
12/31/1938,3.474049587,15.9,6.727853659
1/31/1939,3.228099174,21.67,6.336682927
2/28/1939,2.693553719,21.99,6.498796744
3/31/1939,3.234247934,73.94,8.474512195
4/30/1939,7.58677686,179.2,14.92485366
5/31/1939,13.44733884,110.48,18.12765854
6/30/1939,2.653884298,43.75,17.96126829
7/31/1939,2.275041322,13.08,17.15036585
8/31/1939,3.590876033,2.18,15.94190244
9/30/1939,0.767603306,4.97,12.88019512
10/31/1939,2.846876033,15.48,9.682268293
11/30/1939,2.69553719,9.24,8.095414634
12/31/1939,3.683107438,11.4,6.727853659
1/31/1940,3.406413223,128.17,6.336682927
2/29/1940,2.691966942,172.85,6.498796744
3/31/1940,4.384066116,264.16,8.474512195
4/30/1940,15.82214876,257.02,14.92485366
5/31/1940,44.44323967,345.72,18.12765854
6/30/1940,22.89719008,154.66,17.96126829
7/31/1940,3.246545455,30.01,17.15036585
8/31/1940,3.258842975,7.8,15.94190244
9/30/1940,3.314380165,3.9,12.88019512
10/31/1940,3.492495868,7.8,9.682268293
11/30/1940,3.361983471,7,8.095414634
12/31/1940,1.85692562,45.4,6.727853659
1/31/1941,2.637818182,55.3,6.336682927
2/28/1941,1.882710744,108.3,6.498796744
3/31/1941,3.732297521,161.4,8.474512195
4/30/1941,3.373884298,184.1,14.92485366
5/31/1941,35.7427438,433.1,18.12765854
6/30/1941,35.25619835,232.8,17.96126829
7/31/1941,10.33606612,81.4,17.15036585
8/31/1941,3.314181818,17.4,15.94190244
9/30/1941,3.207272727,4.4,12.88019512
10/31/1941,3.240396694,11.1,9.682268293
11/30/1941,3.219173554,12.4,8.095414634
12/31/1941,4.168859504,75.8,6.727853659
1/31/1942,4.168859504,115.3,6.336682927
2/28/1942,3.882049587,102.6,6.498796744
3/31/1942,4.623867769,105.2,8.474512195
4/30/1942,8.056859504,248.9,14.92485366
5/31/1942,24.6442314,354.4,18.12765854
6/30/1942,41.81950413,323.3,17.96126829
7/31/1942,11.1292562,111.6,17.15036585
8/31/1942,3.295735537,18.3,15.94190244
9/30/1942,3.528595041,6.5,12.88019512
10/31/1942,2.994446281,7.04,9.682268293
11/30/1942,0.714049587,43.74,8.095414634
12/31/1942,3.105123967,58.69,6.727853659
1/31/1943,3.449454545,164.45,6.336682927
2/28/1943,2.776859504,117.63,6.498796744
3/31/1943,4.021289256,301.74,8.474512195
4/30/1943,22.37950413,307.67,14.92485366
5/31/1943,35.42300826,299.35,18.12765854
6/30/1943,21.84396694,174.38,17.96126829
7/31/1943,4.414809917,66.03,17.15036585
8/31/1943,3.080528926,18.55,15.94190244
9/30/1943,3.427438017,5.67,12.88019512
10/31/1943,3.049785124,7.96,9.682268293
11/30/1943,2.665785124,7.4,8.095414634
12/31/1943,2.828429752,11.32,6.727853659
1/31/1944,1.641719008,19.01,6.336682927
2/29/1944,2.507900826,31.33,6.498796744
3/31/1944,3.443305785,68.82,8.474512195
4/30/1944,3.24892562,99.94,14.92485366
5/31/1944,20.30935537,258.67,18.12765854
6/30/1944,16.95867769,123.42,17.96126829
7/31/1944,3.947504132,38.25,17.15036585
8/31/1944,3.523239669,7.89,15.94190244
9/30/1944,0.952066116,1.8,12.88019512
10/31/1944,0.395365289,6.78,9.682268293
11/30/1944,2.778842975,48.12,8.095414634
12/31/1944,3.879867769,44.33,6.727853659
1/31/1945,3.947504132,36.78,6.336682927
2/28/1945,4.959471074,183.24,6.498796744
3/31/1945,4.291834711,97.4,8.474512195
4/30/1945,8.586446281,207.53,14.92485366
5/31/1945,32.58842975,332.63,18.12765854
6/30/1945,30.75173554,229.51,17.96126829
7/31/1945,6.093421488,69.94,17.15036585
8/31/1945,3.523239669,13.82,15.94190244
9/30/1945,3.463140496,7.08,12.88019512
10/31/1945,3.861421488,22.08,9.682268293
11/30/1945,4.474710744,50.29,8.095414634
12/31/1945,4.931305785,125.9,6.727853659
1/31/1946,5.01738843,86.05,6.336682927
2/28/1946,3.998677686,49.09,6.498796744
3/31/1946,5.281785124,114.74,8.474512195
4/30/1946,10.28826446,237.63,14.92485366
5/31/1946,33.32628099,306.18,18.12765854
6/30/1946,16.17322314,135.24,17.96126829
7/31/1946,3.609322314,36.04,17.15036585
8/31/1946,5.878214876,9.53,15.94190244
9/30/1946,3.361983471,5.28,12.88019512
10/31/1946,6.038082645,10.06,9.682268293
11/30/1946,1.07107438,30.48,8.095414634
12/31/1946,1.438809917,31.74,6.727853659
1/31/1947,1.11907438,21.87,6.336682927
2/28/1947,1.044099174,45.48,6.498796744
3/31/1947,1.875371901,93.7,8.474512195
4/30/1947,4.617520661,135.96,14.92485366
5/31/1947,21.64978512,181.53,18.12765854
6/30/1947,5.76,61.66,17.96126829
7/31/1947,2.650115702,14.4,17.15036585
8/31/1947,4.015140496,5.32,15.94190244
9/30/1947,3.891570248,1.51,12.88019512
10/31/1947,1.86922314,16.87,9.682268293
11/30/1947,1.011570248,9.2,8.095414634
12/31/1947,2.527140496,10.19,6.727853659
1/31/1948,2.545586777,24.49,6.336682927
2/29/1948,2.513652893,17.58,6.498796744
3/31/1948,0.664066116,38.23,8.474512195
4/30/1948,2.118347107,155.56,14.92485366
5/31/1948,19.6698843,315.66,18.12765854
6/30/1948,32.24528926,247.19,17.96126829
7/31/1948,3.443305785,51.02,17.15036585
8/31/1948,3.590876033,10.17,15.94190244
9/30/1948,3.480991736,1.55,12.88019512
10/31/1948,2.674710744,5.15,9.682268293
11/30/1948,2.267107438,13.05,8.095414634
12/31/1948,2.059834711,16.7,6.727853659
1/31/1949,1.242049587,15.24,6.336682927
2/28/1949,0.402089256,18.86,6.498796744
3/31/1949,0.903867769,61.05,8.474512195
4/30/1949,6.628760331,194.11,14.92485366
5/31/1949,26.19986777,277.06,18.12765854
6/30/1949,13.40628099,115.02,17.96126829
7/31/1949,0.713256198,20.21,17.15036585
8/31/1949,1.961454545,6.78,15.94190244
9/30/1949,2.999008264,1.95,12.88019512
10/31/1949,3.996694215,4.39,9.682268293
11/30/1949,3.320330579,6.78,8.095414634
12/31/1949,2.570181818,7.93,6.727853659
1/31/1950,2.281190083,42.33,6.336682927
2/28/1950,2.29368595,72.96,6.498796744
3/31/1950,4.211900826,95.31,8.474512195
4/30/1950,9.092231405,254.68,14.92485366
5/31/1950,26.51345455,338.97,18.12765854
6/30/1950,24.27768595,193.61,17.96126829
7/31/1950,2.637818182,45.04,17.15036585
8/31/1950,3.732297521,8.78,15.94190244
9/30/1950,3.659504132,5.34,12.88019512
10/31/1950,4.267239669,10.17,9.682268293
11/30/1950,20.46347107,366.26,8.095414634
12/31/1950,20.76436364,412.21,6.727853659
1/31/1951,4.420958678,119.52,6.336682927
2/28/1951,4.809520661,113.48,6.498796744
3/31/1951,5.533884298,127.09,8.474512195
4/30/1951,14.20363636,175.12,14.92485366
5/31/1951,24.77335537,208.94,18.12765854
6/30/1951,11.24628099,114.42,17.96126829
7/31/1951,2.318082645,32.28,17.15036585
8/31/1951,3.621619835,9.42,15.94190244
9/30/1951,4.433057851,4.79,12.88019512
10/31/1951,3.935206612,10.36,9.682268293
11/30/1951,1.630413223,16.68,8.095414634
12/31/1951,2.016793388,57.72,6.727853659
1/31/1952,2.674710744,105.93,6.336682927
2/29/1952,2.594181818,105.84,6.498796744
3/31/1952,2.877619835,142.06,8.474512195
4/30/1952,9.931239669,333.91,14.92485366
5/31/1952,46.04806612,590,18.12765854
6/30/1952,40.48661157,370.04,17.96126829
7/31/1952,16.6631405,143.58,17.15036585
8/31/1952,4.052033058,33.83,15.94190244
9/30/1952,3.528595041,9.42,12.88019512
10/31/1952,3.53553719,5.71,9.682268293
11/30/1952,3.177520661,10.64,8.095414634
12/31/1952,3.523239669,24.45,6.727853659
1/31/1953,2.324231405,76.52,6.336682927
2/28/1953,2.893487603,40.97,6.498796744
3/31/1953,3.769190083,73.13,8.474512195
4/30/1953,9.252892562,209.22,14.92485366
5/31/1953,10.17619835,191.92,18.12765854
6/30/1953,31.62644628,230.7,17.96126829
7/31/1953,8.835768595,87.21,17.15036585
8/31/1953,3.652363636,13.01,15.94190244
9/30/1953,3.576198347,3.64,12.88019512
10/31/1953,4.64231405,6.68,9.682268293
11/30/1953,3.195371901,9.56,8.095414634
12/31/1953,1.137520661,11.66,6.727853659
1/31/1954,1.30968595,20.94,6.336682927
2/28/1954,1.088528926,43.9,6.498796744
3/31/1954,3.418710744,145.4,8.474512195
4/30/1954,10.19900826,263.86,14.92485366
5/31/1954,32.60072727,261.03,18.12765854
6/30/1954,11.30578512,90.26,17.96126829
7/31/1954,2.908363636,25.47,17.15036585
8/31/1954,3.53553719,5.6,15.94190244
9/30/1954,3.43338843,4.03,12.88019512
10/31/1954,2.459504132,5.43,9.682268293
11/30/1954,1.386446281,9.15,8.095414634
12/31/1954,1.211305785,24.57,6.727853659
1/31/1955,1.740099174,37.48,6.336682927
2/28/1955,1.632793388,36.71,6.498796744
3/31/1955,3.15431405,54.04,8.474512195
4/30/1955,3.915371901,101.79,14.92485366
5/31/1955,15.48257851,229.38,18.12765854
6/30/1955,20.30280992,147.54,17.96126829
7/31/1955,3.615471074,27.24,17.15036585
8/31/1955,3.609322314,6.53,15.94190244
9/30/1955,2.374214876,0.94,12.88019512
10/31/1955,3.111272727,4.2,9.682268293
11/30/1955,2.046942149,9,8.095414634
12/31/1955,7.606016529,365.1,6.727853659
1/31/1956,9.881057851,274.1,6.336682927
2/29/1956,3.876892562,102.4,6.498796744
3/31/1956,7.765884298,120.6,8.474512195
4/30/1956,16.46479339,204.2,14.92485366
5/31/1956,36.98479339,396.2,18.12765854
6/30/1956,40.26644628,283,17.96126829
7/31/1956,8.93414876,93.4,17.15036585
8/31/1956,3.91061157,20.1,15.94190244
9/30/1956,3.903471074,10.4,12.88019512
10/31/1956,3.818380165,11.2,9.682268293
11/30/1956,2.933553719,16.2,8.095414634
12/31/1956,1.893818182,13.5,6.727853659
1/31/1957,2.109024793,14.6,6.336682927
2/28/1957,2.46585124,61.3,6.498796744
3/31/1957,3.332628099,115.8,8.474512195
4/30/1957,4.046280992,136.2,14.92485366
5/31/1957,20.61064463,280.6,18.12765854
6/30/1957,27.28859504,188.5,17.96126829
7/31/1957,3.277289256,38.1,17.15036585
8/31/1957,2.22585124,10.8,15.94190244
9/30/1957,4.034380165,7.2,12.88019512
10/31/1957,3.707702479,12.54,9.682268293
11/30/1957,2.71338843,14.68,8.095414634
12/31/1957,2.078280992,19.05,6.727853659
1/31/1958,2.065983471,35.08,6.336682927
2/28/1958,2.160396694,117.44,6.498796744
3/31/1958,2.656264463,171.63,8.474512195
4/30/1958,5.05785124,282.13,14.92485366
5/31/1958,40.2067438,567.73,18.12765854
6/30/1958,41.36727273,324.99,17.96126829
7/31/1958,12.88165289,100.38,17.15036585
8/31/1958,4.027438017,27.11,15.94190244
9/30/1958,2.903801653,4.75,12.88019512
10/31/1958,1.586380165,11.65,9.682268293
11/30/1958,1.332892562,10.79,8.095414634
12/31/1958,2.668561983,7.59,6.727853659
1/31/1959,2.908363636,36.77,6.336682927
2/28/1959,3.182280992,66.38,6.498796744
3/31/1959,3.842975207,86.97,8.474512195
4/30/1959,5.938512397,148.12,14.92485366
5/31/1959,16.44178512,114.68,18.12765854
6/30/1959,8.28892562,67.96,17.96126829
7/31/1959,1.248198347,16.66,17.15036585
8/31/1959,2.883768595,3.59,15.94190244
9/30/1959,4.617520661,12.87,12.88019512
10/31/1959,4.310280992,6.35,9.682268293
11/30/1959,2.719338843,4.73,8.095414634
12/31/1959,1.100628099,4.97,6.727853659
1/31/1960,1.752396694,14.37,6.336682927
2/29/1960,1.553057851,61.15,6.498796744
3/31/1960,2.490247934,101.69,8.474512195
4/30/1960,5.974214876,160.87,14.92485366
5/31/1960,19.08575207,156.61,18.12765854
6/30/1960,9.907438017,71.29,17.96126829
7/31/1960,2.232,9.98,17.15036585
8/31/1960,3.959801653,1.34,15.94190244
9/30/1960,3.439338843,0.63,12.88019512
10/31/1960,1.961454545,0,9.682268293
11/30/1960,1.689917355,10.9,8.095414634
12/31/1960,1.813884298,11.76,6.727853659
1/31/1961,1.807735537,10.04,6.336682927
2/28/1961,1.443966942,24.06,6.498796744
3/31/1961,1.629421488,45.98,8.474512195
4/30/1961,4.30214876,107.92,14.92485366
5/31/1961,11.67649587,120.05,18.12765854
6/30/1961,7.122644628,57.31,17.96126829
7/31/1961,2.742347107,7.04,17.15036585
8/31/1961,4.531636364,4.92,15.94190244
9/30/1961,3.516694215,3.78,12.88019512
10/31/1961,3.16661157,2.92,9.682268293
11/30/1961,1.737520661,6.06,8.095414634
12/31/1961,1.555636364,9.3,6.727853659
1/31/1962,1.088330579,10.94,6.336682927
2/28/1962,1.760528926,95.44,6.498796744
3/31/1962,2.865322314,76.15,8.474512195
4/30/1962,9.282644628,271.29,14.92485366
5/31/1962,24.41672727,250.8,18.12765854
6/30/1962,31.2753719,206.2,17.96126829
7/31/1962,4.863669421,56.28,17.15036585
8/31/1962,3.72614876,6.74,15.94190244
9/30/1962,3.939173554,2.91,12.88019512
10/31/1962,2.508694215,14.33,9.682268293
11/30/1962,2.314710744,7.67,8.095414634
12/31/1962,2.145917355,19.08,6.727853659
1/31/1963,2.293487603,67.33,6.336682927
2/28/1963,6.114644628,216.4,6.498796744
3/31/1963,2.60092562,66.87,8.474512195
4/30/1963,4.968595041,155.85,14.92485366
5/31/1963,35.18935537,417.32,18.12765854
6/30/1963,29.68066116,219.29,17.96126829
7/31/1963,5.693752066,63.31,17.15036585
8/31/1963,3.978247934,12.82,15.94190244
9/30/1963,3.78446281,7.52,12.88019512
10/31/1963,3.019041322,9.74,9.682268293
11/30/1963,2.445619835,47.87,8.095414634
12/31/1963,3.203504132,28.48,6.727853659
1/31/1964,3.394115702,35.63,6.336682927
2/29/1964,1.955702479,30.85,6.498796744
3/31/1964,2.496396694,50.48,8.474512195
4/30/1964,4.807933884,122,14.92485366
5/31/1964,17.95438017,183.07,18.12765854
6/30/1964,14.29289256,105.96,17.96126829
7/31/1964,2.453355372,20.73,17.15036585
8/31/1964,4.021289256,4.72,15.94190244
9/30/1964,4.087933884,3.88,12.88019512
10/31/1964,2.557884298,4.62,9.682268293
11/30/1964,2.154049587,21.89,8.095414634
12/31/1964,12.84476033,368.07,6.727853659
1/31/1965,7.415404959,221.43,6.336682927
2/28/1965,4.748429752,104.06,6.498796744
3/31/1965,5.669157025,100.79,8.474512195
4/30/1965,12.6446281,240.7,14.92485366
5/31/1965,27.12218182,307.59,18.12765854
6/30/1965,32.17983471,243.51,17.96126829
7/31/1965,10.13315702,95.71,17.15036585
8/31/1965,4.396363636,38.21,15.94190244
9/30/1965,4.15338843,10.13,12.88019512
10/31/1965,2.207404959,8.2,9.682268293
11/30/1965,4.195041322,46.4,8.095414634
12/31/1965,3.412561983,37.5,6.727853659
1/31/1966,3.283438017,41.5,6.336682927
2/28/1966,3.02122314,39.3,6.498796744
3/31/1966,4.058181818,101.2,8.474512195
4/30/1966,9.56231405,204.6,14.92485366
5/31/1966,24.18922314,167.2,18.12765854
6/30/1966,3.796363636,40.9,17.96126829
7/31/1966,2.354975207,11.5,17.15036585
8/31/1966,3.172760331,3.6,15.94190244
9/30/1966,3.903471074,1.4,12.88019512
10/31/1966,2.299636364,3.2,9.682268293
11/30/1966,2.522975207,24.7,8.095414634
12/31/1966,3.830677686,113.9,6.727853659
1/31/1967,3.793785124,89.8,6.336682927
2/28/1967,3.348892562,80.9,6.498796744
3/31/1967,5.361719008,196.3,8.474512195
4/30/1967,2.909752066,176.3,14.92485366
5/31/1967,26.90082645,492.8,18.12765854
6/30/1967,46.91305785,490.5,17.96126829
7/31/1967,28.2412562,212.4,17.15036585
8/31/1967,4.10122314,36.8,15.94190244
9/30/1967,4.028429752,13.9,12.88019512
10/31/1967,4.070479339,9.1,9.682268293
11/30/1967,2.832396694,10.1,8.095414634
12/31/1967,2.170512397,13.3,6.727853659
1/31/1968,1.463404959,23.8,6.336682927
2/29/1968,2.231801653,95,6.498796744
3/31/1968,3.443305785,89.6,8.474512195
4/30/1968,5.367272727,143.8,14.92485366
5/31/1968,20.28476033,161.3,18.12765854
6/30/1968,7.426115702,70.2,17.96126829
7/31/1968,2.072132231,13.1,17.15036585
8/31/1968,1.752396694,7.3,15.94190244
9/30/1968,5.902809917,3.8,12.88019512
10/31/1968,6.450049587,7.7,9.682268293
11/30/1968,7.259504132,38.5,8.095414634
12/31/1968,0.387371901,48.9,6.727853659
1/31/1969,3.271140496,355.2,6.336682927
2/28/1969,2.476958678,181.2,6.498796744
3/31/1969,6.062677686,153.5,8.474512195
4/30/1969,7.330909091,345.9,14.92485366
5/31/1969,53.75861157,594.9,18.12765854
6/30/1969,42.81917355,335.6,17.96126829
7/31/1969,16.02366942,116.2,17.15036585
8/31/1969,3.836826446,24.3,15.94190244
9/30/1969,3.796363636,8.6,12.88019512
10/31/1969,3.006743802,17.2,9.682268293
11/30/1969,3.873719008,19.5,8.095414634
12/31/1969,4.562380165,73.6,6.727853659
1/31/1970,6.376264463,355.3,6.336682927
2/28/1970,3.032330579,118.3,6.498796744
3/31/1970,4.211900826,142.5,8.474512195
4/30/1970,6.747768595,123.4,14.92485366
5/31/1970,30.57163636,254.5,18.12765854
6/30/1970,21.98677686,172.3,17.96126829
7/31/1970,3.670809917,29.5,17.15036585
8/31/1970,2.330380165,10.5,15.94190244
9/30/1970,5.123305785,3.8,12.88019512
10/31/1970,4.408661157,5.3,9.682268293
11/30/1970,2.433719008,39.2,8.095414634
12/31/1970,2.957553719,72.1,6.727853659
1/31/1971,3.301884298,78.8,6.336682927
2/28/1971,3.587702479,71,6.498796744
3/31/1971,4.205752066,108.6,8.474512195
4/30/1971,5.260165289,172.4,14.92485366
5/31/1971,17.04436364,238.9,18.12765854
6/30/1971,32.69752066,208.8,17.96126829
7/31/1971,6.800528926,65,17.15036585
8/31/1971,3.867570248,11.1,15.94190244
9/30/1971,5.319669421,2.9,12.88019512
10/31/1971,3.35107438,6.6,9.682268293
11/30/1971,1.832727273,21.2,8.095414634
12/31/1971,2.072132231,51.2,6.727853659
1/31/1972,2.016793388,31.7,6.336682927
2/29/1972,2.105256198,53.9,6.498796744
3/31/1972,5.20185124,140.7,8.474512195
4/30/1972,3.843966942,135.1,14.92485366
5/31/1972,24.78565289,208.2,18.12765854
6/30/1972,14.9414876,107.4,17.96126829
7/31/1972,1.813884298,16,17.15036585
8/31/1972,2.920661157,2,15.94190244
9/30/1972,4.087933884,1.9,12.88019512
10/31/1972,3.978247934,12,9.682268293
11/30/1972,2.255206612,17.3,8.095414634
12/31/1972,3.572429752,44.8,6.727853659
1/31/1973,5.76753719,116.8,6.336682927
2/28/1973,2.810181818,127.9,6.498796744
3/31/1973,2.656264463,125.9,8.474512195
4/30/1973,6.426446281,211.2,14.92485366
5/31/1973,33.71980165,417.2,18.12765854
6/30/1973,23.40892562,168.3,17.96126829
7/31/1973,3.221950413,28.9,17.15036585
8/31/1973,2.170512397,6.1,15.94190244
9/30/1973,5.004297521,4.9,12.88019512
10/31/1973,3.830677686,10.9,9.682268293
11/30/1973,4.278347107,103.2,8.095414634
12/31/1973,3.990545455,106.3,6.727853659
1/31/1974,4.962049587,158.7,6.336682927
2/28/1974,3.548826446,64.1,6.498796744
3/31/1974,4.84522314,200.4,8.474512195
4/30/1974,7.003636364,246.6,14.92485366
5/31/1974,37.63041322,372.4,18.12765854
6/30/1974,29.1153719,209.2,17.96126829
7/31/1974,5.447801653,62.1,17.15036585
8/31/1974,2.736198347,19.6,15.94190244
9/30/1974,4.462809917,6.9,12.88019512
10/31/1974,5.306380165,0.01,9.682268293
11/30/1974,2.34446281,14.56,8.095414634
12/31/1974,1.039140496,23.1,6.727853659
1/31/1975,2.207404959,27.97,6.336682927
2/28/1975,2.243702479,70.89,6.498796744
3/31/1975,4.574677686,143.41,8.474512195
4/30/1975,3.504793388,122.91,14.92485366
5/31/1975,19.2517686,400.77,18.12765854
6/30/1975,42.93818182,332.27,17.96126829
7/31/1975,9.708892562,76.41,17.15036585
8/31/1975,4.015140496,18.88,15.94190244
9/30/1975,4.087933884,10.32,12.88019512
10/31/1975,6.677553719,32.03,9.682268293
11/30/1975,5.093553719,26.07,8.095414634
12/31/1975,3.52938843,21.45,6.727853659
1/31/1976,1.340429752,18.36,6.336682927
2/29/1976,1.282710744,19.36,6.498796744
3/31/1976,1.321983471,43.14,8.474512195
4/30/1976,2.314710744,75.18,14.92485366
5/31/1976,8.024132231,99.36,18.12765854
6/30/1976,2.386115702,17.4,17.96126829
7/31/1976,1.86922314,0.87,17.15036585
8/31/1976,2.846876033,7.66,15.94190244
9/30/1976,1.880330579,10.28,12.88019512
10/31/1976,2.79153719,2.15,9.682268293
11/30/1976,0.815206612,4.5,8.095414634
12/31/1976,1.29738843,3.78,6.727853659
1/31/1977,1.063735537,5.92,6.336682927
2/28/1977,0.531490909,7.55,6.498796744
3/31/1977,0.322195041,13.39,8.474512195
4/30/1977,1.725619835,34.88,14.92485366
5/31/1977,2.262743802,44.45,18.12765854
6/30/1977,3.028760331,36.18,17.96126829
7/31/1977,0.563841322,0,17.15036585
8/31/1977,2.551735537,0,15.94190244
9/30/1977,2.296859504,2.17,12.88019512
10/31/1977,2.514842975,0,9.682268293
11/30/1977,1.112727273,5.49,8.095414634
12/31/1977,1.100628099,37.49,6.727853659
1/31/1978,3.461752066,108.6,6.336682927
2/28/1978,3.271140496,108.37,6.498796744
3/31/1978,5.380165289,223.18,8.474512195
4/30/1978,6.706115702,261.1,14.92485366
5/31/1978,34.92495868,392.66,18.12765854
6/30/1978,43.68198347,302.09,17.96126829
7/31/1978,15.41494215,97.68,17.15036585
8/31/1978,2.717752066,26.18,15.94190244
9/30/1978,3.629752066,27.06,12.88019512
10/31/1978,5.005090909,15.55,9.682268293
11/30/1978,2.439669421,7.48,8.095414634
12/31/1978,2.976,16.26,6.727853659
1/31/1979,3.560132231,78.95,6.336682927
2/28/1979,2.793520661,107.88,6.498796744
3/31/1979,3.941355372,160.45,8.474512195
4/30/1979,6.759669421,205.58,14.92485366
5/31/1979,36.06247934,385.04,18.12765854
6/30/1979,19.10677686,141.72,17.96126829
7/31/1979,2.79153719,28.21,17.15036585
8/31/1979,2.693157025,9.25,15.94190244
9/30/1979,3.855867769,7.43,12.88019512
10/31/1979,5.251041322,10.85,9.682268293
11/30/1979,3.034710744,23.05,8.095414634
12/31/1979,2.840727273,31.52,6.727853659
1/31/1980,7.44614876,383.49,6.336682927
2/29/1980,4.613157025,256.89,6.498796744
3/31/1980,4.365619835,136.45,8.474512195
4/30/1980,12.01983471,201.87,14.92485366
5/31/1980,31.00204959,320.5,18.12765854
6/30/1980,36.4522314,267.74,17.96126829
7/31/1980,17.02591736,133.59,17.15036585
8/31/1980,3.172760331,25.87,15.94190244
9/30/1980,3.76661157,12.63,11.995
10/31/1980,3.412561983,9.46,8.553
11/30/1980,3.367933884,7.38,5.051
12/31/1980,2.164363636,11.51,3.365
1/31/1981,1.266644628,40.18,2.87
2/28/1981,1.371768595,39.88,3.845
3/31/1981,3.019041322,82.46,3.648
4/30/1981,5.938512397,164.43,13.148
5/31/1981,18.19418182,164.62,18.312
6/30/1981,8.491239669,57.1,17.319
7/31/1981,1.924561983,6.29,15.486
8/31/1981,1.844628099,2.9,13.615
9/30/1981,2.487272727,4.79,11.187
10/31/1981,3.763041322,9.53,8.507
11/30/1981,3.957024793,99.7,13.122
12/31/1981,7.384661157,187.09,16.618
1/31/1982,4.802181818,169.32,16.128
2/28/1982,12.72357025,329.08,16.645
3/31/1982,6.782082645,253.19,16.5
4/30/1982,22.98049587,432.67,16.867
5/31/1982,41.62710744,440.57,17.809
6/30/1982,33.54842975,251.34,17.956
7/31/1982,10.23153719,108.7,18.252
8/31/1982,3.584727273,25.59,15.486
9/30/1982,4.314049587,38.27,14.59
10/31/1982,7.415404959,88.4,16.7
11/30/1982,5.813553719,121.71,15.728
12/31/1982,5.515438017,160.38,14.532
1/31/1983,5.58922314,182.76,13.071
2/28/1983,4.965024793,245.14,11.944
3/31/1983,6.413157025,411.48,12.25
4/30/1983,5.635041322,213.29,12.608
5/31/1983,28.84383471,504.01,18.163
6/30/1983,63.43140496,632.38,18.163
7/31/1983,42.0206281,286.5,18.312
8/31/1983,7.80892562,76.63,17.927
9/30/1983,4.439008264,28.9,15.887
10/31/1983,4.291834711,23.76,13.329
11/30/1983,9.484958678,225.13,16.508
12/31/1983,9.610512397,153.45,16.645
1/31/1984,6.849719008,144.21,15.432
2/29/1984,5.303404959,98.37,14.321
3/31/1984,6.788231405,137.02,15.219
4/30/1984,9.145785124,156.54,17.809
5/31/1984,41.3381157,297.06,18.015
6/30/1984,19.67206612,147.75,18.252
7/31/1984,4.746842975,41.25,16.128
8/31/1984,2.705454545,9.51,13.433
9/30/1984,0.48138843,0.01,12.864
10/31/1984,4.574677686,10.98,9.304
11/30/1984,4.099834711,47.68,8.117
12/31/1984,4.476297521,31.16,5.095
1/31/1985,1.457256198,26.05,5.125
2/28/1985,2.604694215,48.09,4.56
3/31/1985,4.353322314,78.63,3.625
4/30/1985,7.58677686,205.96,14.242
5/31/1985,20.1802314,171.16,18.252
6/30/1985,6.741818182,52.53,17.433
7/31/1985,2.016793388,3.47,15.486
8/31/1985,1.143669421,0,14.216
9/30/1985,3.719008264,2.33,11.112
10/31/1985,4.65461157,0,8.004
11/30/1985,2.451570248,40.271,6.621
12/31/1985,3.098975207,43.461,6.234
1/31/1986,3.615471074,98.977,8.095
2/28/1986,7.330909091,532.074,13.719
3/31/1986,13.0661157,352.657,16.811
4/30/1986,15.30446281,252.875,17.986
5/31/1986,31.65381818,300.463,18.104
6/30/1986,27.11603306,214.736,18.252
7/31/1986,5.263338843,56.527,17.49
8/31/1986,2.330380165,19.067,15.326
9/30/1986,3.522644628,25.097,11.97
10/31/1986,3.996694215,13.37,8.14
11/30/1986,2.54677686,3.187,5.471
12/31/1986,1.30353719,8.916,4.3
1/31/1987,0.676363636,12.804,3.998
2/28/1987,0.328224793,28.864,4.712
3/31/1987,1.531041322,58.541,5.606
4/30/1987,6.003966942,103.717,14.269
5/31/1987,10.7418843,94.242,18.312
6/30/1987,3.153719008,27.057,17.063
7/31/1987,0.811636364,11.213,16.209
8/31/1987,1.518743802,5.959,14.663
9/30/1987,4.444958678,4.17,10.392
10/31/1987,3.295735537,3.1,7.105
11/30/1987,1.005619835,10.407,6.977
12/31/1987,3.123570248,13.519,5.008
1/31/1988,2.668561983,26.543,4.154
2/29/1988,2.335338843,34.972,4.374
3/31/1988,2.195107438,59.147,8.46
4/30/1988,3.820165289,86.169,15.087
5/31/1988,9.948694215,82.998,18.312
6/30/1988,4.897190083,39.764,17.986
7/31/1988,2.139768595,12.432,16.074
8/31/1988,0.787041322,5.882,15.246
9/30/1988,3.296528926,3.301,11.995
10/31/1988,3.978247934,8.823,7.892
11/30/1988,2.011239669,5.97,6.456
12/31/1988,2.373421488,13.919,4.869
1/31/1989,1.586380165,17.59,4.436
2/28/1989,1.666115702,29.89,4.979
3/31/1989,4.900561983,181.145,12.505
4/30/1989,15.98876033,233.539,17.809
5/31/1989,21.65593388,161.54,18.222
6/30/1989,10.43702479,93.535,18.193
7/31/1989,2.459504132,23.555,16.128
8/31/1989,0.848528926,7.488,15.246
9/30/1989,3.576198347,1.313,12.479
10/31/1989,5.632264463,22.251,9.639
11/30/1989,2.427768595,17.364,9.21
12/31/1989,4.998942149,12.561,5.11
1/31/1990,2.619371901,24.811,4.058
2/28/1990,2.34922314,24.011,3.321
3/31/1990,4.297983471,82.528,5.11
4/30/1990,7.313057851,133.768,13.667
5/31/1990,7.415404959,87.323,18.312
6/30/1990,4.992396694,51.184,17.606
7/31/1990,1.266644628,11.952,16.508
8/31/1990,1.371173554,1.096,15.246
9/30/1990,5.319669421,0,10.343
10/31/1990,4.10122314,3.089,6.098
11/30/1990,1.463801653,2.107,4.763
12/31/1990,0.440866116,3.424,4.436
1/31/1991,0.713256198,2.872,3.986
2/28/1991,1.110743802,1.416,3.211
3/31/1991,1.500297521,81.118,5.693
4/30/1991,4.004628099,97.236,9.044
5/31/1991,12.56191736,182.667,18.163
6/30/1991,17.20264463,106.408,18.312
7/31/1991,2.693157025,21.339,17.063
8/31/1991,0.946909091,3.352,16.101
9/30/1991,3.962975207,6.133,12.454
10/31/1991,5.103471074,12.332,7.824
11/30/1991,2.100495868,14.211,7.472
12/31/1991,3.590876033,12.82,4.46
1/31/1992,1.998347107,18.303,3.648
2/29/1992,1.668099174,72.139,4.654666504
3/31/1992,3.824528926,78.405,5.523
4/30/1992,6.634710744,135.841,16.705
5/31/1992,11.29527273,94.96,18.283
6/30/1992,2.219504132,16.625,17.586
7/31/1992,3.984396694,18.507,17.226
8/31/1992,0.940760331,6.228,16.515
9/30/1992,4.111735537,5.67,12.256
10/31/1992,4.65461157,6.001,7.829
11/30/1992,2.909752066,7.932,5.5
12/31/1992,2.650115702,26.554,3.854
1/31/1993,2.04138843,182.07,5.154
2/28/1993,3.671008264,108.259,3.87
3/31/1993,5.177256198,234.133,8.703
4/30/1993,7.56892562,248.563,16.242
5/31/1993,39.24753719,406.979,18.1
6/30/1993,34.2446281,240.884,18.237
7/31/1993,10.45289256,76.14,18.208
8/31/1993,1.518743802,16.554,17.218
9/30/1993,3.992727273,2.71,13.321
10/31/1993,3.369520661,9.744,10.235
11/30/1993,2.67768595,9.813,7.687
12/31/1993,3.203504132,13.21,4.875
1/31/1994,2.05368595,15.37,3.481
2/28/1994,1.249586777,28.829,3.242
3/31/1994,3.474049587,61.352,4.578
4/30/1994,4.361652893,106.059,12.122
5/31/1994,10.61890909,159.4,18.383
6/30/1994,4.724628099,41.141,17.566
7/31/1994,1.045289256,4.276,16.62
8/31/1994,1.67246281,0,14.665
9/30/1994,1.231735537,5.915,13.391
10/31/1994,1.752396694,5.101,12.195
11/30/1994,3.843966942,24.188,10.752
12/31/1994,6.935801653,25.602,5.207
1/31/1995,4.931305785,229.55,5.502
2/28/1995,4.076429752,100.116,6.428
3/31/1995,7.858115702,414.536,10.822
4/30/1995,9.365950413,276.065,16.56
5/31/1995,30.03669421,484.381,17.782
6/30/1995,51.16165289,459.62,17.777
7/31/1995,39.90545455,261.207,18.217
8/31/1995,6.529983471,50.076,17.81
9/30/1995,3.897520661,17.798,14.518
10/31/1995,3.375669421,10.588,11.322
11/30/1995,3.26677686,10.14,8.119
12/31/1995,5.035834711,42.033,6.165
1/31/1996,4.076628099,86.248,4.954
2/29/1996,5.475966942,275.68,10.279
3/31/1996,5.060429752,215.059,13.639
4/30/1996,12.5553719,254.7,18.211
5/31/1996,37.72879339,376.967,18.161
6/30/1996,20.38016529,175.489,18.025
7/31/1996,3.387966942,37.982,17.629
8/31/1996,1.29738843,3.7,16.631
9/30/1996,3.08231405,0.482,13.675
10/31/1996,4.371768595,6.616,9.488
11/30/1996,3.671404959,49.818,9.841
12/31/1996,6.573024793,265.386,10.271
1/31/1997,26.3658843,659.391,15.985
2/28/1997,6.531173554,90.493,13.414
3/31/1997,10.70499174,129.49,12.653
4/30/1997,14.23933884,179.748,16.377
5/31/1997,32.07808264,230.867,18.447
6/30/1997,15.22710744,110.135,17.944
7/31/1997,1.408066116,21.871,17.266
8/31/1997,0.989950413,11.041,16.549
9/30/1997,3.010909091,4.412,13.328
10/31/1997,4.691504132,11.611,8.525
11/30/1997,2.963305785,16.951,5.856
12/31/1997,2.766942149,19.822,4.269
1/31/1998,2.465652893,145.716,7.509
2/28/1998,3.148958678,249.511,4.461
3/31/1998,5.078876033,230.791,7.537
4/30/1998,6.027768595,245.438,12.73
5/31/1998,16.24502479,340.942,17.613
6/30/1998,59.27206612,510.655,17.743
7/31/1998,39.23523967,245.15,18.348
8/31/1998,4.673057851,40.422,16.478
9/30/1998,2.636033058,27.95,14.505
10/31/1998,4.211900826,15.336,10.954
11/30/1998,3.713057851,31.074,8.928
12/31/1998,3.437157025,38.857,7.643
1/31/1999,3.578578512,101.152,6.71
2/28/1999,3.576595041,196.664,6.347
3/31/1999,4.377917355,124.489,6.231
4/30/1999,5.159008264,172.84,11.587
5/31/1999,34.2547438,370.252,17.868
6/30/1999,28.3061157,215.058,18.433
7/31/1999,4.144264463,48.754,17.399
8/31/1999,1.272793388,15.78,16.557
9/30/1999,3.06446281,17.287,13.576
10/31/1999,5.066578512,9.186,8.79
11/30/1999,1.868429752,17.945,7.693
12/31/1999,3.16661157,11.873,4.796
1/31/2000,1.838479339,91.455,6.068
2/29/2000,3.054347107,188.79,6.294
3/31/2000,4.236495868,159.818,8.262
4/30/2000,9.229090909,222.276,16.539
5/31/2000,36.13626446,292.135,18.321
6/30/2000,18.80330579,128.009,18.366
7/31/2000,1.992198347,23.853,17.316
8/31/2000,1.100628099,6.947,16.19
9/30/2000,3.183471074,9.689,13.145
10/31/2000,5.035834711,13.325,8.7
11/30/2000,1.904132231,12.863,7.38
12/31/2000,3.34492562,11.87,4.65
1/31/2001,2.016793388,22.54,3.48
2/28/2001,2.204826446,35.793,2.48
3/31/2001,3.818380165,95.885,6.57
4/30/2001,4.968595041,133.634,13.6
5/31/2001,26.37203306,200.041,18.4
6/30/2001,3.808264463,28.407,17.2
7/31/2001,1.235900826,5.012,16.5
8/31/2001,1.610975207,2.005,14.7
9/30/2001,3.826115702,3.658,10.7
10/31/2001,3.922909091,5.431,6.64
11/30/2001,2.808595041,21.362,5.88
12/31/2001,4.906710744,57.244,3.25
1/31/2002,5.374016529,62.199,0.45
2/28/2002,2.63246281,54.829,0.49
3/31/2002,3.363371901,103.021,1.6
4/30/2002,6.628760331,213.488,13.4
5/31/2002,21.86499174,217.001,18.5
6/30/2002,11.93652893,96.573,18.1
7/31/2002,1.592528926,15.799,16.7
8/31/2002,1.358876033,3.887,15.5
9/30/2002,3.683305785,2.265,11.7
10/31/2002,4.08277686,3.161,7.63
11/30/2002,3.838016529,30.477,7.16
12/31/2002,3.172760331,47.978,5.36
1/31/2003,3.246545455,57.682,5.33
2/28/2003,3.348892562,54.863,4.66
3/31/2003,3.959801653,91.494,7.01
4/30/2003,3.707107438,152.072,11.4
5/31/2003,26.49500826,322.909,18.1
6/30/2003,26.04495868,177.739,18.4
7/31/2003,2.182809917,19.98,17.8
8/31/2003,1.506446281,10.911,16.9
9/30/2003,4.659173554,4.93,12.5
10/31/2003,5.20185124,2.278,6.89
11/30/2003,3.421487603,7.933,3.52
12/31/2003,1.875371901,47.024,4.09
1/31/2004,2.04753719,42.395,3.78
2/29/2004,2.39861157,75.854,3.44
3/31/2004,4.709950413,164.171,10.1
4/30/2004,8.693553719,175.038,18.1
5/31/2004,22.87953719,152.926,18.3
6/30/2004,6.12892562,61.211,17.7
7/31/2004,1.12522314,17.087,16.7
8/31/2004,1.733950413,5.199,15
9/30/2004,3.671404959,0,11.4
10/31/2004,4.986644628,16.814,7.94
11/30/2004,3.719008264,23.292,6.16
12/31/2004,2.96985124,41.317,4.85
1/31/2005,3.221950413,146.326,4.86
2/28/2005,3.493289256,110.938,4.72
3/31/2005,5.865917355,194.423,5.43
4/30/2005,5.218512397,211.397,10.7
5/31/2005,42.75847934,533.273,17.6
6/30/2005,43.44991736,291.935,18.1
7/31/2005,14.38809917,100.806,17.8
8/31/2005,2.201256198,15.158,15.6
9/30/2005,3.93322314,6.419,11.6
10/31/2005,4.187305785,12.502,7.43
11/30/2005,3.272727273,11.075,4.87
12/31/2005,4.058181818,210.154,10
1/31/2006,4.875966942,199.481,11.3
2/28/2006,5.198280992,137.972,14.1
3/31/2006,5.601520661,229.315,14.9
4/30/2006,13.90016529,470.101,17.1
5/31/2006,53.58644628,537.89,17.2
6/30/2006,42.31933884,277.19,18.2
7/31/2006,7.81507438,77.25,17.5
8/31/2006,1.149818182,22.662,16.7
9/30/2006,3.558347107,15.743,13.3
10/31/2006,4.420958678,16.298,9.18
11/30/2006,3.724958678,13.036,6.18
12/31/2006,2.213553719,29.317,5.09
1/31/2007,1.838479339,27.338,4.72
2/28/2007,1.893818182,77.993,5.33
3/31/2007,3.744595041,112.118,9.27
4/30/2007,5.712396694,123.911,16.6
5/31/2007,15.73467769,124.481,18.3
6/30/2007,2.749090909,31.999,17.7
7/31/2007,0.836231405,4.646,16.8
8/31/2007,1.740099174,2.256,15.1
9/30/2007,2.927603306,1.41,12.3
10/31/2007,3.572429752,8.619,9.09
11/30/2007,2.885950413,2.986,6.33
12/31/2007,1.727801653,14.112,4.97
1/31/2008,1.930710744,46.695,4.22
2/29/2008,2.335338843,52.383,3.57
3/31/2008,4.27338843,72.72,4.46
4/30/2008,6.491900826,130.417,10.3
5/31/2008,17.01361983,192.214,18.3
6/30/2008,11.71041322,84.601,18.1
7/31/2008,1.709355372,12.946,16.9
8/31/2008,0.873123967,4.123,15.9
9/30/2008,3.302479339,2.829,12.7
10/31/2008,4.10122314,2.454,9.03
11/30/2008,3.469090909,23.725,9.75
12/31/2008,3.215801653,15.317,7.38
1/31/2009,3.91061157,52.991,7.84
2/28/2009,3.354446281,72.853,8.03
3/31/2009,5.220297521,168.375,10.6
4/30/2009,8.43768595,185.543,17.6
5/31/2009,41.51642975,331.025,18.2
6/30/2009,12.62082645,96.124,18.3
7/31/2009,2.022942149,25.775,17.1
8/31/2009,0.983801653,7.109,16.4
9/30/2009,2.481322314,3.702,13.8
10/31/2009,3.590876033,20.856,12.1
11/30/2009,3.695206612,8.924,8.41
12/31/2009,3.842975207,20.491,5.05
1/31/2010,3.52938843,54.469,3.06
2/28/2010,2.915702479,65.383,1.95
3/31/2010,3.34492562,98.641,2.74
4/30/2010,4.52231405,174.716,7.51
5/31/2010,10.28687603,260.635,17.7
6/30/2010,43.97950413,312.097,18.2
7/31/2010,6.671404959,69.835,17.8
8/31/2010,1.014545455,8.967,16.7
9/30/2010,2.409917355,5.745,14.2
10/31/2010,4.396363636,46.024,15.1
11/30/2010,4.183140496,42.283,13.6
12/31/2010,5.441652893,212.548,14.6
1/31/2011,5.078876033,116.156,14
2/28/2011,4.131966942,97.696,13.3
3/31/2011,5.208,305.136,14
4/30/2011,11.09157025,320.623,17.5
5/31/2011,28.67166942,364.249,17.5
6/30/2011,51.67933884,449.027,17.8
7/31/2011,27.25130579,216.515,18.1
8/31/2011,3.025190083,41.438,16.6
9/30/2011,2.451570248,19.778,14.3
10/31/2011,2.656264463,37.734,13
11/30/2011,3.778512397,12.972,9.67
12/31/2011,4.175008264,12.292,5.37
1/31/2012,2.096727273,37.265,4.99
2/29/2012,1.127404959,27.115,5.17
3/31/2012,1.463404959,88.878,7.7
4/30/2012,6.884628099,202.277,18
5/31/2012,17.19808264,135.756,18.4
6/30/2012,2.778842975,41.195,18
7/31/2012,0.946909091,15.279,16.9
8/31/2012,1.100628099,10.061,15.8
9/30/2012,2.963305785,3.242,12.7
10/31/2012,3.510942149,7.745,9.2
11/30/2012,3.373884298,22.892,7.26
12/31/2012,4.488595041,118.505,8.19
1/31/2013,3.732297521,44.85,7.13
2/28/2013,3.293355372,42.708,5.71
3/31/2013,3.892165289,86.459,8.61
4/30/2013,6.640661157,131.901,18
5/31/2013,16.20813223,111.191,18.1
6/30/2013,2.630082645,36.489,18.3
7/31/2013,1.026842975,10.279,17.3
8/31/2013,0.953057851,10.065,16.5
9/30/2013,4.040330579,3.758,12.3
10/31/2013,4.414809917,7.467,7.76
11/30/2013,3.028760331,4.969,4.47
12/31/2013,1.026842975,6.067,3.56
1/31/2014,0.768595041,7.431,2.98
2/28/2014,0.810842975,35.72,4.01
3/31/2014,1.272793388,61.694,6.82
4/30/2014,3.39768595,110.077,15
5/31/2014,8.718942149,91.155,18.3
6/30/2014,1.553057851,20.625,17.9
7/31/2014,0.756297521,10.314,17.1
8/31/2014,0.787041322,6.292,16.5
9/30/2014,2.457520661,3.777,13.7
10/31/2014,2.354975207,6.241,11.4
11/30/2014,2.647933884,8.749,8.91
12/31/2014,3.498644628,34.967,8.64
1/31/2015,3.52938843,13.025,6.28
2/28/2015,4.037553719,91.289,9.93
3/31/2015,2.275041322,36.706,12.5
4/30/2015,1.779173554,37.802,16.5
5/31/2015,5.952,58.544,18.4
6/30/2015,2.124297521,28.926,18
7/31/2015,0.873123967,7.809,17.3
8/31/2015,0.836231405,1.875,16.6
9/30/2015,2.71338843,0,13.7
10/31/2015,3.658512397,7.707,10.3
11/30/2015,3.814214876,13.581,7.81
12/31/2015,3.15431405,50.444,6.43
1/31/2016,3.676958678,87.263,5.62
2/29/2016,4.291041322,89.833,6.5
3/31/2016,7.151008264,249.933,10.4
4/30/2016,12.0138843,221.211,17.9
5/31/2016,27.66942149,204.503,18.4
6/30/2016,16.23867769,119.051,18.2
7/31/2016,1.647867769,23.497,16.9
8/31/2016,1.051438017,8.069,15.7
9/30/2016,1.802975207,6.28,13.7
10/31/2016,3.873719008,53.758,16.8
11/30/2016,6.194380165,31.169,13.1
12/31/2016,7.63061157,132.419,13.2
1/31/2017,19.15338843,451.852,9.74
2/28/2017,19.97672727,627.133,7.51
3/31/2017,16.90909091,274.187,3.49
4/30/2017,12.33520661,398.242,12
5/31/2017,44.06816529,521.858,17.8
6/30/2017,48.33520661,382.351,18.4
7/31/2017,13.72403306,138.345,18.1
8/31/2017,1.641719008,40.773,17.3
9/30/2017,2.183801653,25.64,15.5
10/31/2017,1.647867769,20.701,14.1
11/30/2017,4.11768595,51.184,14.6
12/31/2017,3.941355372,24.706,11.8
1/31/2018,5.091173554,56.955,10.6
2/28/2018,3.493289256,28.811,8.82
3/31/2018,4.574677686,196.239,12.4
4/30/2018,17.75603306,314.854,18.1
5/31/2018,20.12489256,172.875,18.3
6/30/2018,6.414545455,77.284,17.6
7/31/2018,0.860826446,23.149,16.8
8/31/2018,0.811636364,10.998,16.2
9/30/2018,3.177520661,7.589,12.9
10/31/2018,4.796033058,10.479,8.06
11/30/2018,2.267107438,22.144,6.33
12/31/2018,3.031338843,22.048,4.22
1/31/2019,3.031338843,89.035,3.49
2/28/2019,3.110082645,217.049,5.73
3/31/2019,3.449454545,278.753,7.61
4/30/2019,10.7107438,356.933,17.6
5/31/2019,27.66942149,381.747,18.1
6/30/2019,52.52429752,392.936,18.1
7/31/2019,14.39424793,109.718,17.4
8/31/2019,1.776991736,28.094,16.4
9/30/2019,3.06446281,14.762,13.1
10/31/2019,3.756892562,11.161,9.23
11/30/2019,2.850247934,11.768,6.17
12/31/2019,3.732297521,60.452,3.82
1/31/2020,2.158214876,30.395,2.51
2/29/2020,1.31722314,32.836,2.83
3/31/2020,1.875371901,68.547,3.98
4/30/2020,5.099504132,191.371,13.8
5/31/2020,19.09804959,183.68,18.2
6/30/2020,4.456859504,51.945,18.2
7/31/2020,0.848528926,11.13,17.5
8/31/2020,0.866975207,2.976,16.6
9/30/2020,4.32,6.18,12.2
10/31/2020,4.851371901,8.974,6.96
11/30/2020,2.403966942,6.535,4.48
12/31/2020,1.039140496,8.862,3.57
1/31/2021,0.965355372,25.032,3.06
2/28/2021,0.905256198,28.583,3.55
3/31/2021,2.010644628,43.655,3.89
4/30/2021,3.820165289,99.464,11.6
5/31/2021,6.31477686,85.937,18.2
6/30/2021,1.529256198,24.671,17.7
7/31/2021,0.873123967,2.233,16.8
8/31/2021,0.830082645,8.314,15.8
9/30/2021,2.927603306,9.196,12.8
