,Oct,Nov,Dec,Jan,Feb,Mar,Apr,May,Jun,Jul,Aug,Sep
1922,3.222449156,0.689629229,1.934629772,7.345628139,11.9282191,29.83701842,50.61091871,162.949113,112.3868557,14.45144894,3.453853146,3.280392267
1923,2.403105901,2.723685848,4.756009611,4.9265198,8.792461063,32.21126904,83.98981281,107.7447194,31.14835043,12.53830308,3.224410775,3.331139094
1924,3.693980174,2.805952574,2.895062076,2.699038614,5.7925847,5.408119177,7.474090086,10.35162434,2.972347697,1.735264001,1.070730331,0.530554652
1925,2.897130534,5.146990407,10.13911972,10.08890193,61.99963178,57.99516252,81.26659068,138.9175009,63.25127569,19.07802178,5.817807105,2.932136961
1926,2.556550612,3.39331397,4.730139595,4.593678513,21.32166247,25.20213528,83.03608994,46.24908011,9.153211059,1.40612613,0.752136464,0.797424745
1927,1.523368857,7.098737293,19.0416813,14.88627213,42.52908954,40.23376578,94.5374905,117.8873647,68.87818588,11.26563695,3.055268723,1.831357374
1928,2.84533283,13.12884256,8.45469835,8.496206554,13.06346336,81.31658431,78.991966,77.12656404,14.70790026,2.682799033,1.310841654,0.702527206
1929,1.678068928,1.366013493,1.792387213,2.289339625,4.951525613,25.92780702,40.13899732,66.86221198,25.30084854,3.174596113,1.282745017,1.93056302
1930,1.46079522,0.442106144,10.24361288,8.272778117,17.76573978,32.91400124,79.0799661,62.86253244,27.48961681,4.338776218,2.662044646,2.635427115
1931,1.151574135,1.866692684,1.763016336,2.559729129,5.949288942,17.75700494,41.95849066,25.11489981,5.360553906,2.311542502,1.73261031,1.362681409
1932,1.225058657,0.994487609,3.637734932,5.336148077,16.59325729,43.00724036,81.75176407,140.1312315,83.56261505,12.05767653,4.205356312,4.233121165
1933,2.209341698,0.831321874,1.830920728,2.04158423,2.572246179,9.746958071,42.46449281,71.23631488,65.16245011,4.805781807,1.905302244,1.560855471
1934,2.351218793,2.695605728,8.563327399,10.74934438,13.19340628,47.39295764,39.18718775,15.49237723,9.483423608,1.953410812,0.79309835,2.357251703
1935,2.594966269,5.723538501,7.588104445,9.076864363,16.43332855,20.69917248,101.3773037,144.4803899,65.08780826,6.28073879,2.728569452,2.03934914
1936,2.728509231,2.580450311,3.897422975,10.82921535,30.08640726,57.31882865,114.3600018,126.6442385,56.07695276,6.137947903,2.433035883,1.469253917
1937,2.03609185,2.958843711,4.93384083,3.967195001,14.92872885,26.30743364,70.36851809,165.0978655,40.85123837,4.626004971,2.602411032,2.020486489
1938,2.276589079,3.387627352,79.78398197,15.7228824,19.752182,47.0917866,99.61401871,209.7182327,133.5925284,16.99654848,2.831586266,3.131854438
1939,5.093204164,6.15084823,7.435649919,8.16171892,9.040505252,29.52600019,68.48959676,26.71655116,6.171523192,3.063294888,1.979507441,1.339063992
1940,3.276892669,3.112551467,4.770801459,32.27645673,37.08676626,86.75149476,100.6869879,125.4425628,28.40217477,3.545035618,2.286033188,1.748334679
1941,2.085829537,3.077059062,11.37917683,12.65649615,26.49371884,46.79404487,64.62340775,183.2543152,67.6632011,9.349996133,2.621374033,1.798617828
1942,2.18088471,3.668604871,25.75978347,36.4034749,27.68012288,34.12416809,93.30834089,128.3528659,92.16900942,12.09042176,2.0336529,1.161689277
1943,1.416048658,11.46763287,19.52502489,46.18504296,32.21607561,73.96973013,118.5662087,93.01217718,37.73524566,6.904089639,1.974057498,1.616837065
1944,2.841675742,3.024097315,4.084656101,5.4312473,6.614525336,17.35017873,41.04175676,90.54203811,27.03372038,4.41011954,2.224122975,2.402537929
1945,2.570772686,13.83523087,17.04305571,14.17836844,54.7350012,26.03722006,73.60226096,112.6958759,56.22094859,7.791893972,2.70945787,2.126309425
1946,5.633783035,12.40838079,34.18827418,26.44349886,16.27879008,39.08631354,88.24931275,107.2037406,27.74697734,4.817850603,2.680562582,2.504022497
1947,2.909846969,6.002366374,8.689459719,7.343223767,18.35009392,37.11493249,54.37076669,55.91556597,12.09741392,3.543292406,2.92316929,2.225684337
1948,3.178724074,4.846155926,4.061897921,13.26455395,7.316767447,12.03361967,50.97608151,120.052065,77.74697678,7.83050549,2.717865444,2.688555086
1949,2.657734179,1.685382146,2.542431478,2.436579699,3.569222811,9.982038412,83.62225948,105.8427342,24.75148521,2.51572509,2.589346228,2.275407787
1950,1.436219412,1.480539277,2.30920572,8.17955631,18.95230532,34.47595258,91.76136789,129.0173587,51.47522267,5.812104539,2.265828995,2.064206665
1951,6.292747947,150.7667321,129.3999345,26.94737531,27.85148769,32.01670418,62.09022046,62.17432904,16.4228692,4.938923422,3.312147573,1.938706375
1952,1.936555265,3.914077894,11.30708048,11.43208348,19.2916899,23.680225,110.1278484,224.1534332,126.1315555,28.59790676,5.256506726,3.752120168
1953,3.631747098,2.370306658,4.318778219,19.38854956,16.38302633,24.56499474,84.39538446,80.34531672,74.64755706,12.54638482,2.746763506,1.808251512
1954,1.785841344,2.345935056,4.623361323,5.509427226,12.63829386,45.58970862,97.02864046,80.32557491,16.28077274,3.877009127,3.567286426,1.911132552
1955,1.38506332,1.57025999,6.060379222,5.785535417,10.66419446,22.20816474,38.82315708,88.7858119,30.3275766,4.186587022,3.486504472,3.040000414
1956,0.515906461,0.925694333,116.2442643,66.77065124,28.64343182,43.21375812,82.78164009,148.5894016,79.50289647,12.30108535,3.287848942,2.898229863
1957,3.483186172,4.135805325,3.884173519,3.2478842,20.7632419,40.84260858,64.55008085,104.1818175,46.37401307,5.116590219,3.331603646,3.416405682
1958,3.018542986,1.28177665,5.018800675,6.029509068,27.79232319,30.46362803,74.23053329,208.8129047,106.5677197,18.03079916,4.312154096,3.076960834
1959,2.547430999,1.426393871,1.585184455,10.02067891,16.26751184,35.55818936,62.57661156,41.74016064,15.34154242,3.972848874,1.31748824,1.279730281
1960,0.393331195,0.065387155,1.295556062,2.385679895,14.47359414,45.54444851,68.65628774,56.88061387,12.66694114,3.931121194,1.441654269,1.063425077
1961,1.17361402,1.317592112,4.161951516,3.049188648,8.46163598,17.42293657,49.17207615,46.81532866,12.49406976,3.0710346,1.267102181,0.709889824
1962,0.693777778,0.717489453,3.239379307,3.718838804,17.75432725,19.53578528,114.8853644,104.7703452,58.14486092,6.813028499,3.555336276,2.185509254
1963,5.153625845,1.262519609,6.878003961,30.10380916,82.72850453,25.29059648,51.17052212,137.2508146,49.93943707,7.75122502,3.242696306,2.938310675
1964,3.811627956,19.18983277,15.48580426,10.73159426,12.90073325,18.99780827,50.88604927,69.26996484,28.2777525,4.178955101,3.3639404,2.642821392
1965,0.568310557,3.217228813,146.3692269,54.44694788,34.94124837,38.03303022,84.96935215,120.7331651,70.92751642,13.61981077,7.952011236,3.464530666
1966,3.548779859,11.48136519,9.15675876,9.415939687,9.674262021,44.36183469,84.70951182,49.31354518,6.758655785,2.46616681,2.187144782,1.419675837
1967,0.791928342,6.987430997,38.56327353,19.30875465,27.90366218,68.78466754,36.98139905,154.6107157,144.5855901,38.09234643,4.279833361,4.845917501
1968,3.805408002,2.470530213,4.533416082,5.50471442,31.22814903,34.00351274,61.13470062,57.07490456,13.31585983,2.716299375,1.112121217,1.055576688
1969,2.630146237,9.572749569,9.439346402,75.99615699,29.22130173,37.34073527,111.9643102,221.6465881,101.9556673,18.849051,3.977681815,3.95919627
1970,5.560481621,5.082083067,24.03000672,103.7357684,34.08493076,42.88205509,50.92743154,96.30003153,39.83748233,6.696453379,3.279357326,1.357939015
1971,1.136622243,10.16496416,13.5500914,22.39085268,25.90556802,39.77889044,68.51829668,95.86166004,57.57754329,9.004854818,2.998666639,1.44875788
1972,1.526526465,5.252475626,7.863219862,6.992884388,13.15333677,63.13762893,57.00155111,77.88630066,23.32886916,2.965302487,1.703281259,0.987326832
1973,1.905756051,2.945922516,11.92165664,21.25148507,17.88228154,26.1295959,80.54682209,158.1705271,42.0861571,4.593267296,2.15968347,1.009541652
1974,2.793752721,40.51883602,30.42762867,56.77212337,21.12381153,61.34374046,74.24179432,135.2477615,52.63002811,10.45374126,4.91212568,0.729876613
1975,1.813419469,3.323671445,4.47436812,6.482019315,11.61850677,28.81356063,32.80769512,160.9900683,109.492985,13.48352793,3.27270109,3.560751621
1976,8.591920788,9.543824763,7.161191693,6.92834172,6.390458272,17.56427687,28.74179164,29.71761672,3.852993731,1.818942124,1.723581546,0.954986077
1977,1.110798352,1.247971879,0.974577604,1.731706102,2.812569494,5.182889956,12.09126352,17.48189134,8.96712454,2.165496844,0.694234462,0.71374858
1978,0.729961465,0.66661789,11.03757553,22.56131865,21.88140448,68.8304703,82.09551624,149.8723304,93.63092228,15.58275762,3.443855845,5.016768388
1979,3.897246311,2.853156997,3.663300281,14.07840056,13.3982557,35.76027683,71.88374209,139.7691663,33.34969266,5.047622158,1.826988216,1.262278223
1980,2.520708482,7.3730613,9.358392005,126.523859,65.81857001,39.59383169,83.77938105,117.3824816,81.24876606,24.08981045,4.139286204,2.519582233
1981,2.396110124,0.9474464,2.173778685,2.874887323,11.6924954,21.29317922,70.90967794,60.26327689,12.1993626,2.265106606,0.284444478,0.209864844
1982,2.746618785,43.83198096,81.98434315,32.75995922,106.0353575,56.59874215,132.4815629,162.1378742,73.2789706,20.87464278,3.712645405,2.229041264
1983,43.8856453,28.25781096,33.02424319,33.18325645,45.40658018,81.48583235,53.98341393,187.5656417,232.3217247,80.4228398,9.955005414,9.530871676
1984,6.008216217,87.3142327,84.81655276,36.36614096,22.71821675,48.20244897,58.47488165,98.35427473,38.34706955,6.225428323,-4.267133825,5.544623219
1985,2.319850672,10.81617215,8.326362543,7.583151224,14.2018478,23.92949887,86.46053139,59.81103713,11.69432209,2.30925139,0.843038083,2.147024089
1986,1.649463186,3.129600077,12.3097163,40.7115791,145.7038286,123.2673357,79.98569582,104.4605307,51.39313457,7.305584883,3.568539726,1.13460077
1987,0.143404066,-0.354390715,0.35913026,1.428928775,5.122086615,15.3410028,54.29522217,26.21664371,3.664973286,1.006235808,0.671379756,0.213462101
1988,-0.638826364,0.500900502,3.440495794,6.699690903,10.98022168,30.01242263,39.16181532,26.29511384,6.714910384,2.64456085,-0.238234225,0.248437712
1989,-0.462996815,2.315458919,3.597252133,4.802638974,12.43829969,77.55717173,105.642056,53.68799879,17.22374531,5.861513568,1.267436864,0.561737176
1990,9.599434494,5.503560104,5.717165636,9.750400876,9.96570057,34.02075611,58.2465565,25.55204788,13.35652724,2.792098526,0.675212014,1.984774563
1991,1.009993794,1.546205083,1.804877191,1.20550648,2.710740173,22.65959627,43.52800142,73.64817607,28.25763886,5.160893605,1.528603189,1.632262834
1992,2.979951852,3.650319933,3.223085613,5.480352355,17.16774658,31.17628803,56.2170315,19.01720879,3.45701062,4.971941162,2.285330272,1.236907706
1993,1.904256647,2.322653695,8.012162371,29.91747671,27.50473495,84.38963459,98.00210715,154.8477141,79.70493453,13.22421495,1.307466737,1.609294968
1994,1.258917553,2.201023283,3.59223679,5.819604665,8.725597456,25.65971907,44.86032023,46.09145634,9.175056467,1.26163988,0.214345879,1.483129334
1995,1.832300482,7.57061987,10.06788797,53.49711385,34.56461263,117.7493519,111.6006205,184.858105,157.1898626,61.39264957,6.847521721,2.389902593
1996,0.928548567,1.936345884,12.24285616,21.24617843,79.82922351,63.81104467,96.05607087,145.0780141,38.03842906,6.910999501,2.531299556,1.3049361
1997,2.212910551,20.74206489,76.28506538,214.210192,38.67986391,58.14078262,77.08510606,74.42193743,23.69934292,4.837679892,1.862347172,3.479408001
1998,3.086955792,3.775116337,8.190751457,26.15201513,32.00948431,70.88835618,73.54706928,122.54597,179.9343412,53.45605041,7.511895648,4.892693343
1999,1.547275399,9.674100647,13.63784217,29.80472905,41.8967896,45.88667704,69.82128493,144.8546921,61.17608912,9.975873803,2.651101348,2.329676161
2000,3.557535168,2.248539681,3.702010368,26.42846512,36.18677615,48.03644509,92.68054719,101.6420498,23.96891641,3.12253235,3.034954734,3.019019285
2001,1.324278039,4.099098224,5.185699995,4.047225917,7.872076834,35.69375055,52.79876965,62.29033937,4.120113996,0.920695315,1.192398468,-0.046158605
2002,2.359199034,7.375896334,12.51642636,16.87832351,18.50071407,36.42420306,90.2944926,81.69595081,20.79295798,3.188540207,0.375293863,0.362807215
2003,-0.168443363,7.616559377,9.72087682,19.01278306,19.8834381,42.47877784,56.22778682,118.3458154,44.86980507,3.987701726,1.850538744,-0.103034411
2004,2.331433454,2.498833601,12.38581779,13.19428569,23.40575605,68.90204931,75.98783966,48.83630995,9.833475124,1.942509127,0.509606017,0.55704236
2005,4.53628064,6.73308288,12.62025846,25.8686131,30.47986975,55.82052819,76.78742332,200.8912178,88.82196868,16.95087942,4.248637567,0.313801065
2006,4.272321432,5.526667886,84.19532939,54.78956571,62.02045149,49.71936597,121.5977186,197.8521918,71.56553773,11.86237794,3.697015055,1.382516202
2007,2.563930829,5.047787987,9.090332258,10.8852084,24.01661741,46.01184556,50.73498342,36.8651947,6.818761533,3.517786583,2.31217919,1.67887248
2008,2.620745498,1.870081789,3.76554406,7.925634328,11.46868659,28.57718021,55.98382889,71.36120979,18.15954518,4.13995047,2.015589286,2.79279906
2009,2.89359455,7.131777927,6.877525702,18.87191545,25.87267683,59.58166398,78.15912873,119.0188341,18.02282099,2.748404819,1.734295721,0.623351451
2010,4.696036805,2.328461141,7.102240765,12.93368834,15.6789776,33.11114902,66.45259799,107.5942526,100.6293121,9.869992958,0.595743433,0.735680326
2011,15.41530254,14.76823917,56.79190609,34.35822697,30.48870533,75.37405506,112.1782806,139.8038144,166.2182354,54.19737654,5.664821859,4.246329411
2012,5.102042359,3.899260759,2.361587117,11.2207321,10.31734145,36.87225535,79.4000552,36.3124191,7.343916581,1.933096321,1.319426742,0.026175514
2013,2.15796653,12.05252917,44.94618033,17.76614363,15.478062,38.28450624,46.10126233,25.12754119,6.506601269,2.112618005,1.190143482,0.93642978
2014,0.552878437,1.537429376,1.954138963,2.382345291,13.26435067,25.73405968,41.66100911,26.20415074,3.686936834,2.402416792,1.419695492,0.72512321
2015,1.677593422,1.959035713,13.43970752,8.099776978,42.47004098,12.81407512,11.25588318,15.86313945,4.386563891,2.347849119,0.085950738,0.347820442
2016,1.522013439,3.56757746,11.67395484,21.42277764,36.77683228,88.68945644,93.64936566,66.21743917,19.29752042,2.666813939,0.15379513,1.05869268
2017,17.35482052,8.639120665,55.48590436,128.928735,168.5251601,79.84679779,126.4993602,180.6620568,96.33247154,19.12811988,5.607207964,4.48912745
2018,2.65102068,18.60304395,7.771200267,22.00408619,9.230031248,65.97270372,119.1843964,40.8030269,9.335656367,4.901571044,3.734988208,1.474239575
2019,2.619759344,3.906205987,5.228419216,22.08510054,51.71902615,65.55918476,140.5324863,149.6496921,124.3453145,20.10347037,5.326970356,3.727651342
2020,3.443823769,3.408405865,13.28975935,10.56222976,12.96273999,20.48476822,76.20413487,70.42448421,11.36212802,3.604038775,3.306519006,1.261358416
2021,3.073827649,1.143402187,1.528825739,3.921779786,7.49539567,14.96285626,46.53552786,25.97808251,4.134542986,1.837032367,0.30391369,4.449808658
